USE [master]
GO
CREATE DATABASE [World]
GO
ALTER DATABASE [World] SET COMPATIBILITY_LEVEL = 110
GO
IF (1 = FULLTEXTSERVICEPROPERTY('IsFullTextInstalled'))
begin
EXEC [World].[dbo].[sp_fulltext_database] @action = 'enable'
end
GO
ALTER DATABASE [World] SET ANSI_NULL_DEFAULT OFF 
GO
ALTER DATABASE [World] SET ANSI_NULLS OFF 
GO
ALTER DATABASE [World] SET ANSI_PADDING OFF 
GO
ALTER DATABASE [World] SET ANSI_WARNINGS OFF 
GO
ALTER DATABASE [World] SET ARITHABORT OFF 
GO
ALTER DATABASE [World] SET AUTO_CLOSE OFF 
GO
ALTER DATABASE [World] SET AUTO_CREATE_STATISTICS ON 
GO
ALTER DATABASE [World] SET AUTO_SHRINK OFF 
GO
ALTER DATABASE [World] SET AUTO_UPDATE_STATISTICS ON 
GO
ALTER DATABASE [World] SET CURSOR_CLOSE_ON_COMMIT OFF 
GO
ALTER DATABASE [World] SET CURSOR_DEFAULT  GLOBAL 
GO
ALTER DATABASE [World] SET CONCAT_NULL_YIELDS_NULL OFF 
GO
ALTER DATABASE [World] SET NUMERIC_ROUNDABORT OFF 
GO
ALTER DATABASE [World] SET QUOTED_IDENTIFIER OFF 
GO
ALTER DATABASE [World] SET RECURSIVE_TRIGGERS OFF 
GO
ALTER DATABASE [World] SET  DISABLE_BROKER 
GO
ALTER DATABASE [World] SET AUTO_UPDATE_STATISTICS_ASYNC OFF 
GO
ALTER DATABASE [World] SET DATE_CORRELATION_OPTIMIZATION OFF 
GO
ALTER DATABASE [World] SET TRUSTWORTHY OFF 
GO
ALTER DATABASE [World] SET ALLOW_SNAPSHOT_ISOLATION OFF 
GO
ALTER DATABASE [World] SET PARAMETERIZATION SIMPLE 
GO
ALTER DATABASE [World] SET READ_COMMITTED_SNAPSHOT OFF 
GO
ALTER DATABASE [World] SET HONOR_BROKER_PRIORITY OFF 
GO
ALTER DATABASE [World] SET RECOVERY SIMPLE 
GO
ALTER DATABASE [World] SET  MULTI_USER 
GO
ALTER DATABASE [World] SET PAGE_VERIFY CHECKSUM  
GO
ALTER DATABASE [World] SET DB_CHAINING OFF 
GO
ALTER DATABASE [World] SET FILESTREAM( NON_TRANSACTED_ACCESS = OFF ) 
GO
ALTER DATABASE [World] SET TARGET_RECOVERY_TIME = 0 SECONDS 
GO
EXEC sys.sp_db_vardecimal_storage_format N'World', N'ON'
GO
USE [World]
GO

SET ANSI_NULLS ON
GO
SET QUOTED_IDENTIFIER ON
GO
SET ANSI_PADDING ON
GO
CREATE TABLE [dbo].[Cities](
	[CityId] [int] IDENTITY(1,1) NOT NULL,
	[CityName] [nvarchar](50) NOT NULL,
	[Latitude] [float] NULL,
	[Longitude] [float] NULL,
	[CountryId] [char](3) NOT NULL,
	[Population] [int] NULL,
 CONSTRAINT [PK_Cities] PRIMARY KEY CLUSTERED 
(
	[CityId] ASC
)WITH (PAD_INDEX = OFF, STATISTICS_NORECOMPUTE = OFF, IGNORE_DUP_KEY = OFF, ALLOW_ROW_LOCKS = ON, ALLOW_PAGE_LOCKS = ON) ON [PRIMARY]
) ON [PRIMARY]

GO
SET ANSI_PADDING OFF
GO

SET ANSI_NULLS ON
GO
SET QUOTED_IDENTIFIER ON
GO
CREATE TABLE [dbo].[Continents](
	[ContinentId] [int] IDENTITY(1,1) NOT NULL,
	[ContinentName] [nvarchar](20) NOT NULL,
 CONSTRAINT [PK_Continents] PRIMARY KEY CLUSTERED 
(
	[ContinentId] ASC
)WITH (PAD_INDEX = OFF, STATISTICS_NORECOMPUTE = OFF, IGNORE_DUP_KEY = OFF, ALLOW_ROW_LOCKS = ON, ALLOW_PAGE_LOCKS = ON) ON [PRIMARY]
) ON [PRIMARY]

GO

SET ANSI_NULLS ON
GO
SET QUOTED_IDENTIFIER ON
GO
SET ANSI_PADDING ON
GO
CREATE TABLE [dbo].[Countries](
	[CountryId] [char](3) NOT NULL,
	[CountryName] [nvarchar](50) NOT NULL,
	[Latitude] [float] NULL,
	[Longitude] [float] NULL,
	[SurfaceArea] [float] NULL,
	[Population] [int] NULL,
	[FlagImage] [image] NULL,
	[ContinentId] [int] NOT NULL,
 CONSTRAINT [PK_Countries] PRIMARY KEY CLUSTERED 
(
	[CountryId] ASC
)WITH (PAD_INDEX = OFF, STATISTICS_NORECOMPUTE = OFF, IGNORE_DUP_KEY = OFF, ALLOW_ROW_LOCKS = ON, ALLOW_PAGE_LOCKS = ON) ON [PRIMARY]
) ON [PRIMARY] TEXTIMAGE_ON [PRIMARY]

GO
SET ANSI_PADDING OFF
GO
/****** Object:  Table [dbo].[Country_Languages]    Script Date: 9/12/2013 10:14:46 PM ******/
SET ANSI_NULLS ON
GO
SET QUOTED_IDENTIFIER ON
GO
SET ANSI_PADDING ON
GO
CREATE TABLE [dbo].[Country_Languages](
	[CountryId] [char](3) NOT NULL,
	[LanguageId] [int] NOT NULL,
 CONSTRAINT [PK_Country_Languages] PRIMARY KEY CLUSTERED 
(
	[CountryId] ASC,
	[LanguageId] ASC
)WITH (PAD_INDEX = OFF, STATISTICS_NORECOMPUTE = OFF, IGNORE_DUP_KEY = OFF, ALLOW_ROW_LOCKS = ON, ALLOW_PAGE_LOCKS = ON) ON [PRIMARY]
) ON [PRIMARY]

GO
SET ANSI_PADDING OFF
GO
/****** Object:  Table [dbo].[Languages]    Script Date: 9/12/2013 10:14:46 PM ******/
SET ANSI_NULLS ON
GO
SET QUOTED_IDENTIFIER ON
GO
CREATE TABLE [dbo].[Languages](
	[LanguageId] [int] IDENTITY(1,1) NOT NULL,
	[LanguageName] [nvarchar](50) NOT NULL,
 CONSTRAINT [PK_Languages] PRIMARY KEY CLUSTERED 
(
	[LanguageId] ASC
)WITH (PAD_INDEX = OFF, STATISTICS_NORECOMPUTE = OFF, IGNORE_DUP_KEY = OFF, ALLOW_ROW_LOCKS = ON, ALLOW_PAGE_LOCKS = ON) ON [PRIMARY]
) ON [PRIMARY]

GO
SET IDENTITY_INSERT [dbo].[Cities] ON 

INSERT [dbo].[Cities] ([CityId], [CityName], [Latitude], [Longitude], [CountryId], [Population]) VALUES (302, N'Wilmington', 39.72, -75.53, N'USA', NULL)
INSERT [dbo].[Cities] ([CityId], [CityName], [Latitude], [Longitude], [CountryId], [Population]) VALUES (303, N'Beausoleil', 43.75, 7.43, N'FRA', NULL)
INSERT [dbo].[Cities] ([CityId], [CityName], [Latitude], [Longitude], [CountryId], [Population]) VALUES (305, N'Bruguières', 43.73, 1.42, N'FRA', NULL)
INSERT [dbo].[Cities] ([CityId], [CityName], [Latitude], [Longitude], [CountryId], [Population]) VALUES (306, N'Olive Branch', 34.92, -89.82, N'USA', NULL)
INSERT [dbo].[Cities] ([CityId], [CityName], [Latitude], [Longitude], [CountryId], [Population]) VALUES (307, N'Wheeling', 40.06, -80.64, N'USA', NULL)
INSERT [dbo].[Cities] ([CityId], [CityName], [Latitude], [Longitude], [CountryId], [Population]) VALUES (308, N'Joinville', -26.3, -48.83, N'BRA', NULL)
INSERT [dbo].[Cities] ([CityId], [CityName], [Latitude], [Longitude], [CountryId], [Population]) VALUES (309, N'Raymond', 43.03, -71.2, N'USA', NULL)
INSERT [dbo].[Cities] ([CityId], [CityName], [Latitude], [Longitude], [CountryId], [Population]) VALUES (310, N'Altamira', -3.2, -52.2, N'BRA', NULL)
INSERT [dbo].[Cities] ([CityId], [CityName], [Latitude], [Longitude], [CountryId], [Population]) VALUES (311, N'Nashua', 42.73, -71.46, N'USA', NULL)
INSERT [dbo].[Cities] ([CityId], [CityName], [Latitude], [Longitude], [CountryId], [Population]) VALUES (312, N'Valady', 44.45, 2.43, N'FRA', NULL)
INSERT [dbo].[Cities] ([CityId], [CityName], [Latitude], [Longitude], [CountryId], [Population]) VALUES (314, N'Lisieux', 49.15, 0.23, N'FRA', NULL)
INSERT [dbo].[Cities] ([CityId], [CityName], [Latitude], [Longitude], [CountryId], [Population]) VALUES (315, N'Hampstead', 42.88, -71.17, N'USA', NULL)
INSERT [dbo].[Cities] ([CityId], [CityName], [Latitude], [Longitude], [CountryId], [Population]) VALUES (316, N'Sigean', 43.03, 2.98, N'FRA', NULL)
INSERT [dbo].[Cities] ([CityId], [CityName], [Latitude], [Longitude], [CountryId], [Population]) VALUES (317, N'Rio De Janeiro', -22.9, -43.23, N'BRA', NULL)
INSERT [dbo].[Cities] ([CityId], [CityName], [Latitude], [Longitude], [CountryId], [Population]) VALUES (319, N'Laruscade', 45.12, -0.33, N'FRA', NULL)
INSERT [dbo].[Cities] ([CityId], [CityName], [Latitude], [Longitude], [CountryId], [Population]) VALUES (320, N'Niterói', -22.88, -43.09, N'BRA', NULL)
INSERT [dbo].[Cities] ([CityId], [CityName], [Latitude], [Longitude], [CountryId], [Population]) VALUES (321, N'São Leopoldo', -29.77, -51.15, N'BRA', NULL)
INSERT [dbo].[Cities] ([CityId], [CityName], [Latitude], [Longitude], [CountryId], [Population]) VALUES (322, N'Biddeford', 43.5, -70.49, N'USA', NULL)
INSERT [dbo].[Cities] ([CityId], [CityName], [Latitude], [Longitude], [CountryId], [Population]) VALUES (323, N'Balma', 43.62, 1.5, N'FRA', NULL)
INSERT [dbo].[Cities] ([CityId], [CityName], [Latitude], [Longitude], [CountryId], [Population]) VALUES (324, N'Le Recoux', 44.33, 3.15, N'FRA', NULL)
INSERT [dbo].[Cities] ([CityId], [CityName], [Latitude], [Longitude], [CountryId], [Population]) VALUES (326, N'La Chapelle', 48.33, 4.05, N'FRA', NULL)
INSERT [dbo].[Cities] ([CityId], [CityName], [Latitude], [Longitude], [CountryId], [Population]) VALUES (327, N'Fernley', 39.67, -119.07, N'USA', NULL)
INSERT [dbo].[Cities] ([CityId], [CityName], [Latitude], [Longitude], [CountryId], [Population]) VALUES (328, N'Camps', 44.98, 2, N'FRA', NULL)
INSERT [dbo].[Cities] ([CityId], [CityName], [Latitude], [Longitude], [CountryId], [Population]) VALUES (330, N'Lambersart', 50.65, 3.03, N'FRA', NULL)
INSERT [dbo].[Cities] ([CityId], [CityName], [Latitude], [Longitude], [CountryId], [Population]) VALUES (331, N'Dole', 47.1, 5.5, N'FRA', NULL)
INSERT [dbo].[Cities] ([CityId], [CityName], [Latitude], [Longitude], [CountryId], [Population]) VALUES (332, N'Irati', -25.48, -50.65, N'BRA', NULL)
INSERT [dbo].[Cities] ([CityId], [CityName], [Latitude], [Longitude], [CountryId], [Population]) VALUES (333, N'Arras', 50.28, 2.78, N'FRA', NULL)
INSERT [dbo].[Cities] ([CityId], [CityName], [Latitude], [Longitude], [CountryId], [Population]) VALUES (334, N'Brive-la-gaillarde', 45.15, 1.53, N'FRA', NULL)
INSERT [dbo].[Cities] ([CityId], [CityName], [Latitude], [Longitude], [CountryId], [Population]) VALUES (335, N'Servilly', 46.28, 3.6, N'FRA', NULL)
INSERT [dbo].[Cities] ([CityId], [CityName], [Latitude], [Longitude], [CountryId], [Population]) VALUES (336, N'Baltic', 43.74, -96.76, N'USA', NULL)
INSERT [dbo].[Cities] ([CityId], [CityName], [Latitude], [Longitude], [CountryId], [Population]) VALUES (337, N'Olinda', -8.02, -34.85, N'BRA', NULL)
INSERT [dbo].[Cities] ([CityId], [CityName], [Latitude], [Longitude], [CountryId], [Population]) VALUES (339, N'Berwick', 43.3, -70.84, N'USA', NULL)
INSERT [dbo].[Cities] ([CityId], [CityName], [Latitude], [Longitude], [CountryId], [Population]) VALUES (340, N'Norman', 35.25, -97.46, N'USA', NULL)
INSERT [dbo].[Cities] ([CityId], [CityName], [Latitude], [Longitude], [CountryId], [Population]) VALUES (341, N'Metzeral', 48.02, 7.07, N'FRA', NULL)
INSERT [dbo].[Cities] ([CityId], [CityName], [Latitude], [Longitude], [CountryId], [Population]) VALUES (342, N'Claymont', 39.8, -75.46, N'USA', NULL)
INSERT [dbo].[Cities] ([CityId], [CityName], [Latitude], [Longitude], [CountryId], [Population]) VALUES (343, N'Angers', 47.47, -0.55, N'FRA', NULL)
INSERT [dbo].[Cities] ([CityId], [CityName], [Latitude], [Longitude], [CountryId], [Population]) VALUES (344, N'Sandpoint', 48.34, -116.45, N'USA', NULL)
INSERT [dbo].[Cities] ([CityId], [CityName], [Latitude], [Longitude], [CountryId], [Population]) VALUES (345, N'Uberlândia', -18.92, -48.3, N'BRA', NULL)
INSERT [dbo].[Cities] ([CityId], [CityName], [Latitude], [Longitude], [CountryId], [Population]) VALUES (346, N'Boise', 43.55, -116.29, N'USA', NULL)
INSERT [dbo].[Cities] ([CityId], [CityName], [Latitude], [Longitude], [CountryId], [Population]) VALUES (347, N'Manaus', -3.11, -60.03, N'BRA', NULL)
INSERT [dbo].[Cities] ([CityId], [CityName], [Latitude], [Longitude], [CountryId], [Population]) VALUES (349, N'Laramie', 41.43, -105.52, N'USA', NULL)
INSERT [dbo].[Cities] ([CityId], [CityName], [Latitude], [Longitude], [CountryId], [Population]) VALUES (350, N'Besançon', 47.25, 6.03, N'FRA', NULL)
INSERT [dbo].[Cities] ([CityId], [CityName], [Latitude], [Longitude], [CountryId], [Population]) VALUES (351, N'Brasília', -15.78, -47.92, N'BRA', NULL)
INSERT [dbo].[Cities] ([CityId], [CityName], [Latitude], [Longitude], [CountryId], [Population]) VALUES (352, N'São José', -27.63, -48.65, N'BRA', NULL)
INSERT [dbo].[Cities] ([CityId], [CityName], [Latitude], [Longitude], [CountryId], [Population]) VALUES (353, N'Jackson', 32.33, -90.2, N'USA', NULL)
INSERT [dbo].[Cities] ([CityId], [CityName], [Latitude], [Longitude], [CountryId], [Population]) VALUES (354, N'Santa Fe', 35.68, -105.96, N'USA', NULL)
INSERT [dbo].[Cities] ([CityId], [CityName], [Latitude], [Longitude], [CountryId], [Population]) VALUES (355, N'Rezonville', 49.1, 6, N'FRA', NULL)
INSERT [dbo].[Cities] ([CityId], [CityName], [Latitude], [Longitude], [CountryId], [Population]) VALUES (356, N'Ogden', 41.22, -111.97, N'USA', NULL)
INSERT [dbo].[Cities] ([CityId], [CityName], [Latitude], [Longitude], [CountryId], [Population]) VALUES (357, N'Fleet Post Office', 57, -100, N'USA', NULL)
INSERT [dbo].[Cities] ([CityId], [CityName], [Latitude], [Longitude], [CountryId], [Population]) VALUES (358, N'Orem', 40.29, -111.72, N'USA', NULL)
INSERT [dbo].[Cities] ([CityId], [CityName], [Latitude], [Longitude], [CountryId], [Population]) VALUES (359, N'Jandun', 49.65, 4.55, N'FRA', NULL)
INSERT [dbo].[Cities] ([CityId], [CityName], [Latitude], [Longitude], [CountryId], [Population]) VALUES (360, N'Blumenau', -26.93, -49.05, N'BRA', NULL)
INSERT [dbo].[Cities] ([CityId], [CityName], [Latitude], [Longitude], [CountryId], [Population]) VALUES (361, N'Bismarck', 46.82, -100.71, N'USA', NULL)
INSERT [dbo].[Cities] ([CityId], [CityName], [Latitude], [Longitude], [CountryId], [Population]) VALUES (362, N'Prigonrieux', 44.85, 0.4, N'FRA', NULL)
INSERT [dbo].[Cities] ([CityId], [CityName], [Latitude], [Longitude], [CountryId], [Population]) VALUES (363, N'Bédée', 48.18, -1.95, N'FRA', NULL)
INSERT [dbo].[Cities] ([CityId], [CityName], [Latitude], [Longitude], [CountryId], [Population]) VALUES (364, N'Clermont-ferrand', 45.78, 3.08, N'FRA', NULL)
INSERT [dbo].[Cities] ([CityId], [CityName], [Latitude], [Longitude], [CountryId], [Population]) VALUES (365, N'Lincoln', 40.83, -96.67, N'USA', NULL)
INSERT [dbo].[Cities] ([CityId], [CityName], [Latitude], [Longitude], [CountryId], [Population]) VALUES (366, N'Woonsocket', 44.05, -98.3, N'USA', NULL)
INSERT [dbo].[Cities] ([CityId], [CityName], [Latitude], [Longitude], [CountryId], [Population]) VALUES (367, N'Guérande', 47.33, -2.43, N'FRA', NULL)
INSERT [dbo].[Cities] ([CityId], [CityName], [Latitude], [Longitude], [CountryId], [Population]) VALUES (368, N'Curitiba', -25.42, -49.25, N'BRA', NULL)
INSERT [dbo].[Cities] ([CityId], [CityName], [Latitude], [Longitude], [CountryId], [Population]) VALUES (369, N'Recife', -8.05, -34.9, N'BRA', NULL)
INSERT [dbo].[Cities] ([CityId], [CityName], [Latitude], [Longitude], [CountryId], [Population]) VALUES (370, N'Auxerre', 47.8, 3.57, N'FRA', NULL)
INSERT [dbo].[Cities] ([CityId], [CityName], [Latitude], [Longitude], [CountryId], [Population]) VALUES (371, N'Jaboatão', -8.12, -35.02, N'BRA', NULL)
INSERT [dbo].[Cities] ([CityId], [CityName], [Latitude], [Longitude], [CountryId], [Population]) VALUES (372, N'Omaha', 41.29, -96.17, N'USA', NULL)
INSERT [dbo].[Cities] ([CityId], [CityName], [Latitude], [Longitude], [CountryId], [Population]) VALUES (373, N'Cariacica', -20.27, -40.42, N'BRA', NULL)
INSERT [dbo].[Cities] ([CityId], [CityName], [Latitude], [Longitude], [CountryId], [Population]) VALUES (375, N'Metz', 49.13, 6.17, N'FRA', NULL)
INSERT [dbo].[Cities] ([CityId], [CityName], [Latitude], [Longitude], [CountryId], [Population]) VALUES (376, N'Belém', -1.45, -48.48, N'BRA', NULL)
INSERT [dbo].[Cities] ([CityId], [CityName], [Latitude], [Longitude], [CountryId], [Population]) VALUES (378, N'Kalispell', 48.2, -114.39, N'USA', NULL)
INSERT [dbo].[Cities] ([CityId], [CityName], [Latitude], [Longitude], [CountryId], [Population]) VALUES (379, N'Beatrice', 40.26, -96.71, N'USA', NULL)
INSERT [dbo].[Cities] ([CityId], [CityName], [Latitude], [Longitude], [CountryId], [Population]) VALUES (380, N'Jackson', 43.46, -110.51, N'USA', NULL)
INSERT [dbo].[Cities] ([CityId], [CityName], [Latitude], [Longitude], [CountryId], [Population]) VALUES (381, N'Ferrisburg', 44.21, -73.22, N'USA', NULL)
INSERT [dbo].[Cities] ([CityId], [CityName], [Latitude], [Longitude], [CountryId], [Population]) VALUES (382, N'Scott Depot', 38.45, -81.89, N'USA', NULL)
INSERT [dbo].[Cities] ([CityId], [CityName], [Latitude], [Longitude], [CountryId], [Population]) VALUES (383, N'Westerly', 41.36, -71.8, N'USA', NULL)
INSERT [dbo].[Cities] ([CityId], [CityName], [Latitude], [Longitude], [CountryId], [Population]) VALUES (384, N'Goiânia', -16.67, -49.27, N'BRA', NULL)
INSERT [dbo].[Cities] ([CityId], [CityName], [Latitude], [Longitude], [CountryId], [Population]) VALUES (386, N'Mulhouse', 47.75, 7.33, N'FRA', NULL)
INSERT [dbo].[Cities] ([CityId], [CityName], [Latitude], [Longitude], [CountryId], [Population]) VALUES (388, N'Valdoie', 47.67, 6.85, N'FRA', NULL)
INSERT [dbo].[Cities] ([CityId], [CityName], [Latitude], [Longitude], [CountryId], [Population]) VALUES (391, N'Aracaju', -10.92, -37.07, N'BRA', NULL)
INSERT [dbo].[Cities] ([CityId], [CityName], [Latitude], [Longitude], [CountryId], [Population]) VALUES (392, N'Itaboraí', -22.75, -42.87, N'BRA', NULL)
INSERT [dbo].[Cities] ([CityId], [CityName], [Latitude], [Longitude], [CountryId], [Population]) VALUES (393, N'Guipavas', 48.43, -4.4, N'FRA', NULL)
INSERT [dbo].[Cities] ([CityId], [CityName], [Latitude], [Longitude], [CountryId], [Population]) VALUES (395, N'Camden Wyoming', 39.08, -75.61, N'USA', NULL)
INSERT [dbo].[Cities] ([CityId], [CityName], [Latitude], [Longitude], [CountryId], [Population]) VALUES (396, N'Nantes', 47.22, -1.55, N'FRA', NULL)
INSERT [dbo].[Cities] ([CityId], [CityName], [Latitude], [Longitude], [CountryId], [Population]) VALUES (397, N'Eagle River', 61.21, -149.26, N'USA', NULL)
INSERT [dbo].[Cities] ([CityId], [CityName], [Latitude], [Longitude], [CountryId], [Population]) VALUES (398, N'Montreuil-bellay', 47.13, -0.15, N'FRA', NULL)
INSERT [dbo].[Cities] ([CityId], [CityName], [Latitude], [Longitude], [CountryId], [Population]) VALUES (399, N'Juziers', 49, 1.85, N'FRA', NULL)
INSERT [dbo].[Cities] ([CityId], [CityName], [Latitude], [Longitude], [CountryId], [Population]) VALUES (400, N'Flers', 48.75, -0.57, N'FRA', NULL)
INSERT [dbo].[Cities] ([CityId], [CityName], [Latitude], [Longitude], [CountryId], [Population]) VALUES (402, N'Viamão', -30.08, -51.03, N'BRA', NULL)
INSERT [dbo].[Cities] ([CityId], [CityName], [Latitude], [Longitude], [CountryId], [Population]) VALUES (403, N'Saint-pierre-du-palais', 45.17, -0.15, N'FRA', NULL)
INSERT [dbo].[Cities] ([CityId], [CityName], [Latitude], [Longitude], [CountryId], [Population]) VALUES (404, N'Chalon-sur-saône', 46.78, 4.85, N'FRA', NULL)
INSERT [dbo].[Cities] ([CityId], [CityName], [Latitude], [Longitude], [CountryId], [Population]) VALUES (406, N'Woonsocket', 42, -71.49, N'USA', NULL)
INSERT [dbo].[Cities] ([CityId], [CityName], [Latitude], [Longitude], [CountryId], [Population]) VALUES (407, N'Rouen', 49.43, 1.08, N'FRA', NULL)
INSERT [dbo].[Cities] ([CityId], [CityName], [Latitude], [Longitude], [CountryId], [Population]) VALUES (408, N'Gillette', 43.9, -105.55, N'USA', NULL)
INSERT [dbo].[Cities] ([CityId], [CityName], [Latitude], [Longitude], [CountryId], [Population]) VALUES (409, N'Rai', 48.75, 0.58, N'FRA', NULL)
INSERT [dbo].[Cities] ([CityId], [CityName], [Latitude], [Longitude], [CountryId], [Population]) VALUES (410, N'Ponta Porã', -22.53, -55.72, N'BRA', NULL)
INSERT [dbo].[Cities] ([CityId], [CityName], [Latitude], [Longitude], [CountryId], [Population]) VALUES (411, N'Bellême', 48.37, 0.57, N'FRA', NULL)
INSERT [dbo].[Cities] ([CityId], [CityName], [Latitude], [Longitude], [CountryId], [Population]) VALUES (412, N'Le Havre', 49.5, 0.13, N'FRA', NULL)
INSERT [dbo].[Cities] ([CityId], [CityName], [Latitude], [Longitude], [CountryId], [Population]) VALUES (414, N'Hombourg-haut', 49.13, 6.77, N'FRA', NULL)
INSERT [dbo].[Cities] ([CityId], [CityName], [Latitude], [Longitude], [CountryId], [Population]) VALUES (415, N'Dijon', 47.32, 5.02, N'FRA', NULL)
INSERT [dbo].[Cities] ([CityId], [CityName], [Latitude], [Longitude], [CountryId], [Population]) VALUES (416, N'Lamarche-sur-saône', 47.27, 5.38, N'FRA', NULL)
INSERT [dbo].[Cities] ([CityId], [CityName], [Latitude], [Longitude], [CountryId], [Population]) VALUES (418, N'Lajeado', -29.45, -51.97, N'BRA', NULL)
GO
INSERT [dbo].[Cities] ([CityId], [CityName], [Latitude], [Longitude], [CountryId], [Population]) VALUES (419, N'Livingston', 45.71, -110.54, N'USA', NULL)
INSERT [dbo].[Cities] ([CityId], [CityName], [Latitude], [Longitude], [CountryId], [Population]) VALUES (420, N'Seward', 60.06, -149.34, N'USA', NULL)
INSERT [dbo].[Cities] ([CityId], [CityName], [Latitude], [Longitude], [CountryId], [Population]) VALUES (421, N'Providence', 41.83, -71.4, N'USA', NULL)
INSERT [dbo].[Cities] ([CityId], [CityName], [Latitude], [Longitude], [CountryId], [Population]) VALUES (422, N'Caruaru', -8.28, -35.97, N'BRA', NULL)
INSERT [dbo].[Cities] ([CityId], [CityName], [Latitude], [Longitude], [CountryId], [Population]) VALUES (423, N'Castelo', -20.6, -41.2, N'BRA', NULL)
INSERT [dbo].[Cities] ([CityId], [CityName], [Latitude], [Longitude], [CountryId], [Population]) VALUES (424, N'Ychoux', 44.33, -0.95, N'FRA', NULL)
INSERT [dbo].[Cities] ([CityId], [CityName], [Latitude], [Longitude], [CountryId], [Population]) VALUES (425, N'Marsac', 45.05, -0.68, N'FRA', NULL)
INSERT [dbo].[Cities] ([CityId], [CityName], [Latitude], [Longitude], [CountryId], [Population]) VALUES (426, N'Juneau', 58.58, -134.77, N'USA', NULL)
INSERT [dbo].[Cities] ([CityId], [CityName], [Latitude], [Longitude], [CountryId], [Population]) VALUES (427, N'Paranoá', -15.83, -47.82, N'BRA', NULL)
INSERT [dbo].[Cities] ([CityId], [CityName], [Latitude], [Longitude], [CountryId], [Population]) VALUES (428, N'Perpezac-le-noir', 45.32, 1.55, N'FRA', NULL)
INSERT [dbo].[Cities] ([CityId], [CityName], [Latitude], [Longitude], [CountryId], [Population]) VALUES (429, N'Issoire', 45.55, 3.25, N'FRA', NULL)
INSERT [dbo].[Cities] ([CityId], [CityName], [Latitude], [Longitude], [CountryId], [Population]) VALUES (430, N'Thouars', 46.97, -0.22, N'FRA', NULL)
INSERT [dbo].[Cities] ([CityId], [CityName], [Latitude], [Longitude], [CountryId], [Population]) VALUES (433, N'Fairbanks', 64.82, -147.72, N'USA', NULL)
INSERT [dbo].[Cities] ([CityId], [CityName], [Latitude], [Longitude], [CountryId], [Population]) VALUES (434, N'Saint-julien-l''ars', 46.55, 0.5, N'FRA', NULL)
INSERT [dbo].[Cities] ([CityId], [CityName], [Latitude], [Longitude], [CountryId], [Population]) VALUES (438, N'Chambre', 45.2, 2.37, N'FRA', NULL)
INSERT [dbo].[Cities] ([CityId], [CityName], [Latitude], [Longitude], [CountryId], [Population]) VALUES (439, N'Cachoeiro De Itapemirim', -20.85, -41.1, N'BRA', NULL)
INSERT [dbo].[Cities] ([CityId], [CityName], [Latitude], [Longitude], [CountryId], [Population]) VALUES (441, N'Londrina', -23.3, -51.15, N'BRA', NULL)
INSERT [dbo].[Cities] ([CityId], [CityName], [Latitude], [Longitude], [CountryId], [Population]) VALUES (442, N'Lyndonville', 44.53, -72.05, N'USA', NULL)
INSERT [dbo].[Cities] ([CityId], [CityName], [Latitude], [Longitude], [CountryId], [Population]) VALUES (444, N'Barre', 44.18, -72.47, N'USA', NULL)
INSERT [dbo].[Cities] ([CityId], [CityName], [Latitude], [Longitude], [CountryId], [Population]) VALUES (445, N'Natal', -5.78, -35.22, N'BRA', NULL)
INSERT [dbo].[Cities] ([CityId], [CityName], [Latitude], [Longitude], [CountryId], [Population]) VALUES (447, N'Contagem', -19.92, -44.1, N'BRA', NULL)
INSERT [dbo].[Cities] ([CityId], [CityName], [Latitude], [Longitude], [CountryId], [Population]) VALUES (448, N'Cajàzeiras', -6.9, -38.57, N'BRA', NULL)
INSERT [dbo].[Cities] ([CityId], [CityName], [Latitude], [Longitude], [CountryId], [Population]) VALUES (449, N'Simões', -7.6, -40.82, N'BRA', NULL)
INSERT [dbo].[Cities] ([CityId], [CityName], [Latitude], [Longitude], [CountryId], [Population]) VALUES (452, N'Devils Lake', 48.14, -98.89, N'USA', NULL)
INSERT [dbo].[Cities] ([CityId], [CityName], [Latitude], [Longitude], [CountryId], [Population]) VALUES (458, N'Teresina', -5.08, -42.82, N'BRA', NULL)
INSERT [dbo].[Cities] ([CityId], [CityName], [Latitude], [Longitude], [CountryId], [Population]) VALUES (460, N'São Luís', -2.52, -44.27, N'BRA', NULL)
INSERT [dbo].[Cities] ([CityId], [CityName], [Latitude], [Longitude], [CountryId], [Population]) VALUES (461, N'Itabira', -19.62, -43.22, N'BRA', NULL)
INSERT [dbo].[Cities] ([CityId], [CityName], [Latitude], [Longitude], [CountryId], [Population]) VALUES (462, N'Shelburne', 44.4, -73.21, N'USA', NULL)
INSERT [dbo].[Cities] ([CityId], [CityName], [Latitude], [Longitude], [CountryId], [Population]) VALUES (463, N'West Fargo', 46.89, -96.93, N'USA', NULL)
INSERT [dbo].[Cities] ([CityId], [CityName], [Latitude], [Longitude], [CountryId], [Population]) VALUES (464, N'Fargo', 46.93, -96.83, N'USA', NULL)
INSERT [dbo].[Cities] ([CityId], [CityName], [Latitude], [Longitude], [CountryId], [Population]) VALUES (465, N'União Da Victoria', -26.22, -51.08, N'BRA', NULL)
INSERT [dbo].[Cities] ([CityId], [CityName], [Latitude], [Longitude], [CountryId], [Population]) VALUES (466, N'Pôrto Seguro', -16.43, -39.08, N'BRA', NULL)
INSERT [dbo].[Cities] ([CityId], [CityName], [Latitude], [Longitude], [CountryId], [Population]) VALUES (470, N'Campina Grande', -7.22, -35.88, N'BRA', NULL)
INSERT [dbo].[Cities] ([CityId], [CityName], [Latitude], [Longitude], [CountryId], [Population]) VALUES (471, N'João Pessoa', -7.12, -34.87, N'BRA', NULL)
INSERT [dbo].[Cities] ([CityId], [CityName], [Latitude], [Longitude], [CountryId], [Population]) VALUES (472, N'Campo Grande', -20.45, -54.62, N'BRA', NULL)
INSERT [dbo].[Cities] ([CityId], [CityName], [Latitude], [Longitude], [CountryId], [Population]) VALUES (478, N'Rondonópolis', -16.47, -54.63, N'BRA', NULL)
INSERT [dbo].[Cities] ([CityId], [CityName], [Latitude], [Longitude], [CountryId], [Population]) VALUES (479, N'Ajaccio', 41.92, 8.73, N'FRA', NULL)
INSERT [dbo].[Cities] ([CityId], [CityName], [Latitude], [Longitude], [CountryId], [Population]) VALUES (483, N'Crato', -7.23, -39.38, N'BRA', NULL)
INSERT [dbo].[Cities] ([CityId], [CityName], [Latitude], [Longitude], [CountryId], [Population]) VALUES (484, N'Guarabira', -6.85, -35.48, N'BRA', NULL)
INSERT [dbo].[Cities] ([CityId], [CityName], [Latitude], [Longitude], [CountryId], [Population]) VALUES (485, N'Biguglia', 42.62, 9.42, N'FRA', NULL)
INSERT [dbo].[Cities] ([CityId], [CityName], [Latitude], [Longitude], [CountryId], [Population]) VALUES (486, N'Tabuleiro Do Norte', -5.25, -38.12, N'BRA', NULL)
INSERT [dbo].[Cities] ([CityId], [CityName], [Latitude], [Longitude], [CountryId], [Population]) VALUES (489, N'Maceió', -9.67, -35.72, N'BRA', NULL)
INSERT [dbo].[Cities] ([CityId], [CityName], [Latitude], [Longitude], [CountryId], [Population]) VALUES (493, N'Murici', -9.32, -35.93, N'BRA', NULL)
INSERT [dbo].[Cities] ([CityId], [CityName], [Latitude], [Longitude], [CountryId], [Population]) VALUES (495, N'Anápolis', -16.33, -48.97, N'BRA', NULL)
INSERT [dbo].[Cities] ([CityId], [CityName], [Latitude], [Longitude], [CountryId], [Population]) VALUES (497, N'Juazeiro Do Norte', -7.2, -39.33, N'BRA', NULL)
INSERT [dbo].[Cities] ([CityId], [CityName], [Latitude], [Longitude], [CountryId], [Population]) VALUES (498, N'Furiani', 42.65, 9.42, N'FRA', NULL)
INSERT [dbo].[Cities] ([CityId], [CityName], [Latitude], [Longitude], [CountryId], [Population]) VALUES (499, N'Macau', -5.12, -36.63, N'BRA', NULL)
INSERT [dbo].[Cities] ([CityId], [CityName], [Latitude], [Longitude], [CountryId], [Population]) VALUES (502, N'Speloncato', 42.57, 8.97, N'FRA', NULL)
INSERT [dbo].[Cities] ([CityId], [CityName], [Latitude], [Longitude], [CountryId], [Population]) VALUES (505, N'Salvador', -10.17, -48.87, N'BRA', NULL)
INSERT [dbo].[Cities] ([CityId], [CityName], [Latitude], [Longitude], [CountryId], [Population]) VALUES (506, N'Ananindeua', -1.37, -48.38, N'BRA', NULL)
INSERT [dbo].[Cities] ([CityId], [CityName], [Latitude], [Longitude], [CountryId], [Population]) VALUES (511, N'Itabuna', -14.8, -39.27, N'BRA', NULL)
INSERT [dbo].[Cities] ([CityId], [CityName], [Latitude], [Longitude], [CountryId], [Population]) VALUES (512, N'Nossa Senhora Do Socorro', -10.87, -37.12, N'BRA', NULL)
INSERT [dbo].[Cities] ([CityId], [CityName], [Latitude], [Longitude], [CountryId], [Population]) VALUES (513, N'Bonfim', 3.08, -59.95, N'BRA', NULL)
INSERT [dbo].[Cities] ([CityId], [CityName], [Latitude], [Longitude], [CountryId], [Population]) VALUES (515, N'Luziânia', -16.25, -47.93, N'BRA', NULL)
INSERT [dbo].[Cities] ([CityId], [CityName], [Latitude], [Longitude], [CountryId], [Population]) VALUES (516, N'Ji-paraná', -10.83, -61.97, N'BRA', NULL)
INSERT [dbo].[Cities] ([CityId], [CityName], [Latitude], [Longitude], [CountryId], [Population]) VALUES (524, N'Camaçari', -12.48, -38.22, N'BRA', NULL)
INSERT [dbo].[Cities] ([CityId], [CityName], [Latitude], [Longitude], [CountryId], [Population]) VALUES (532, N'Brazlândia', -15.68, -48.2, N'BRA', NULL)
INSERT [dbo].[Cities] ([CityId], [CityName], [Latitude], [Longitude], [CountryId], [Population]) VALUES (534, N'Fortaleza', -5.98, -48.13, N'BRA', NULL)
INSERT [dbo].[Cities] ([CityId], [CityName], [Latitude], [Longitude], [CountryId], [Population]) VALUES (546, N'Japoatã', -10.33, -36.8, N'BRA', NULL)
INSERT [dbo].[Cities] ([CityId], [CityName], [Latitude], [Longitude], [CountryId], [Population]) VALUES (547, N'Itumbiara', -18.42, -49.22, N'BRA', NULL)
INSERT [dbo].[Cities] ([CityId], [CityName], [Latitude], [Longitude], [CountryId], [Population]) VALUES (552, N'São Bernardo', -3.37, -42.4, N'BRA', NULL)
INSERT [dbo].[Cities] ([CityId], [CityName], [Latitude], [Longitude], [CountryId], [Population]) VALUES (557, N'Palmas', -10.22, -48.28, N'BRA', NULL)
INSERT [dbo].[Cities] ([CityId], [CityName], [Latitude], [Longitude], [CountryId], [Population]) VALUES (559, N'Tefé', -3.37, -64.7, N'BRA', NULL)
INSERT [dbo].[Cities] ([CityId], [CityName], [Latitude], [Longitude], [CountryId], [Population]) VALUES (562, N'Nova Olímpia', -14.82, -57.33, N'BRA', NULL)
INSERT [dbo].[Cities] ([CityId], [CityName], [Latitude], [Longitude], [CountryId], [Population]) VALUES (568, N'Santo Antônio', -6.3, -35.45, N'BRA', NULL)
INSERT [dbo].[Cities] ([CityId], [CityName], [Latitude], [Longitude], [CountryId], [Population]) VALUES (576, N'Santa Isabel Do Pará', -1.27, -48.18, N'BRA', NULL)
INSERT [dbo].[Cities] ([CityId], [CityName], [Latitude], [Longitude], [CountryId], [Population]) VALUES (577, N'Cuiabá', -15.58, -56.08, N'BRA', NULL)
INSERT [dbo].[Cities] ([CityId], [CityName], [Latitude], [Longitude], [CountryId], [Population]) VALUES (579, N'Parnaíba', -2.91, -41.77, N'BRA', NULL)
INSERT [dbo].[Cities] ([CityId], [CityName], [Latitude], [Longitude], [CountryId], [Population]) VALUES (582, N'São José De Ribamar', -2.55, -44.05, N'BRA', NULL)
INSERT [dbo].[Cities] ([CityId], [CityName], [Latitude], [Longitude], [CountryId], [Population]) VALUES (583, N'Ceilândia', -15.82, -48.12, N'BRA', NULL)
INSERT [dbo].[Cities] ([CityId], [CityName], [Latitude], [Longitude], [CountryId], [Population]) VALUES (584, N'Marechal Deodoro', -9.72, -35.9, N'BRA', NULL)
INSERT [dbo].[Cities] ([CityId], [CityName], [Latitude], [Longitude], [CountryId], [Population]) VALUES (587, N'Eldorado', -23.78, -54.32, N'BRA', NULL)
INSERT [dbo].[Cities] ([CityId], [CityName], [Latitude], [Longitude], [CountryId], [Population]) VALUES (589, N'Pôrto Velho', -8.77, -63.9, N'BRA', NULL)
INSERT [dbo].[Cities] ([CityId], [CityName], [Latitude], [Longitude], [CountryId], [Population]) VALUES (605, N'Lagarto', -10.9, -37.68, N'BRA', NULL)
INSERT [dbo].[Cities] ([CityId], [CityName], [Latitude], [Longitude], [CountryId], [Population]) VALUES (606, N'Rio Verde De Mato Grosso', -18.93, -54.87, N'BRA', NULL)
INSERT [dbo].[Cities] ([CityId], [CityName], [Latitude], [Longitude], [CountryId], [Population]) VALUES (607, N'São Miguel Dos Campos', -9.78, -36.08, N'BRA', NULL)
INSERT [dbo].[Cities] ([CityId], [CityName], [Latitude], [Longitude], [CountryId], [Population]) VALUES (608, N'São Paulo', -23.53, -46.62, N'BRA', NULL)
INSERT [dbo].[Cities] ([CityId], [CityName], [Latitude], [Longitude], [CountryId], [Population]) VALUES (609, N'Mercês', -9.52, -68.7, N'BRA', NULL)
INSERT [dbo].[Cities] ([CityId], [CityName], [Latitude], [Longitude], [CountryId], [Population]) VALUES (610, N'Cacoal', -11.5, -61.42, N'BRA', NULL)
INSERT [dbo].[Cities] ([CityId], [CityName], [Latitude], [Longitude], [CountryId], [Population]) VALUES (611, N'Rio Branco', -9.97, -67.8, N'BRA', NULL)
INSERT [dbo].[Cities] ([CityId], [CityName], [Latitude], [Longitude], [CountryId], [Population]) VALUES (612, N'Ariquemes', -9.93, -63.07, N'BRA', NULL)
INSERT [dbo].[Cities] ([CityId], [CityName], [Latitude], [Longitude], [CountryId], [Population]) VALUES (613, N'Imperatriz', -5.53, -47.48, N'BRA', NULL)
INSERT [dbo].[Cities] ([CityId], [CityName], [Latitude], [Longitude], [CountryId], [Population]) VALUES (614, N'Barra Do Garças', -15.88, -52.25, N'BRA', NULL)
INSERT [dbo].[Cities] ([CityId], [CityName], [Latitude], [Longitude], [CountryId], [Population]) VALUES (615, N'Mossoró', -5.19, -37.34, N'BRA', NULL)
INSERT [dbo].[Cities] ([CityId], [CityName], [Latitude], [Longitude], [CountryId], [Population]) VALUES (616, N'Macapá', 0.03, -51.05, N'BRA', NULL)
INSERT [dbo].[Cities] ([CityId], [CityName], [Latitude], [Longitude], [CountryId], [Population]) VALUES (617, N'Pádua', -7.33, -62.92, N'BRA', NULL)
INSERT [dbo].[Cities] ([CityId], [CityName], [Latitude], [Longitude], [CountryId], [Population]) VALUES (618, N'Caracaraí', 1.83, -61.13, N'BRA', NULL)
INSERT [dbo].[Cities] ([CityId], [CityName], [Latitude], [Longitude], [CountryId], [Population]) VALUES (619, N'Boa Vista', 2.82, -60.67, N'BRA', NULL)
INSERT [dbo].[Cities] ([CityId], [CityName], [Latitude], [Longitude], [CountryId], [Population]) VALUES (620, N'Araguaína', -7.16, -48.06, N'BRA', NULL)
INSERT [dbo].[Cities] ([CityId], [CityName], [Latitude], [Longitude], [CountryId], [Population]) VALUES (621, N'Cocal', -3.47, -41.57, N'BRA', NULL)
INSERT [dbo].[Cities] ([CityId], [CityName], [Latitude], [Longitude], [CountryId], [Population]) VALUES (622, N'Júlia', -1.62, -67.98, N'BRA', NULL)
INSERT [dbo].[Cities] ([CityId], [CityName], [Latitude], [Longitude], [CountryId], [Population]) VALUES (623, N'Oiapoque', 3.83, -51.83, N'BRA', NULL)
INSERT [dbo].[Cities] ([CityId], [CityName], [Latitude], [Longitude], [CountryId], [Population]) VALUES (624, N'Consolação', 3.93, -60.98, N'BRA', NULL)
INSERT [dbo].[Cities] ([CityId], [CityName], [Latitude], [Longitude], [CountryId], [Population]) VALUES (627, N'Minas Gerais', -8.97, -72.78, N'BRA', NULL)
INSERT [dbo].[Cities] ([CityId], [CityName], [Latitude], [Longitude], [CountryId], [Population]) VALUES (628, N'Washington D.c', 38.9, -77.04, N'USA', NULL)
INSERT [dbo].[Cities] ([CityId], [CityName], [Latitude], [Longitude], [CountryId], [Population]) VALUES (629, N'Karachi', 24, 67, N'PAK', NULL)
INSERT [dbo].[Cities] ([CityId], [CityName], [Latitude], [Longitude], [CountryId], [Population]) VALUES (630, N'Mountain View', 37.42, -122.06, N'USA', NULL)
INSERT [dbo].[Cities] ([CityId], [CityName], [Latitude], [Longitude], [CountryId], [Population]) VALUES (631, N'Beijing', 39.93, 116.39, N'CHN', NULL)
INSERT [dbo].[Cities] ([CityId], [CityName], [Latitude], [Longitude], [CountryId], [Population]) VALUES (632, N'Ackworth', 41.36, -93.43, N'USA', NULL)
INSERT [dbo].[Cities] ([CityId], [CityName], [Latitude], [Longitude], [CountryId], [Population]) VALUES (633, N'Far Rockaway', 40.61, -73.79, N'USA', NULL)
GO
INSERT [dbo].[Cities] ([CityId], [CityName], [Latitude], [Longitude], [CountryId], [Population]) VALUES (634, N'Hebei', 39.89, 115.28, N'CHN', NULL)
INSERT [dbo].[Cities] ([CityId], [CityName], [Latitude], [Longitude], [CountryId], [Population]) VALUES (635, N'Los Angeles', 34.04, -118.25, N'USA', NULL)
INSERT [dbo].[Cities] ([CityId], [CityName], [Latitude], [Longitude], [CountryId], [Population]) VALUES (636, N'Nanjing', 32.06, 118.78, N'CHN', NULL)
INSERT [dbo].[Cities] ([CityId], [CityName], [Latitude], [Longitude], [CountryId], [Population]) VALUES (637, N'Sunnyvale', 37.42, -122.01, N'USA', NULL)
INSERT [dbo].[Cities] ([CityId], [CityName], [Latitude], [Longitude], [CountryId], [Population]) VALUES (638, N'Newark', 40.74, -74.17, N'USA', NULL)
INSERT [dbo].[Cities] ([CityId], [CityName], [Latitude], [Longitude], [CountryId], [Population]) VALUES (639, N'Malden', 42.43, -71.05, N'USA', NULL)
INSERT [dbo].[Cities] ([CityId], [CityName], [Latitude], [Longitude], [CountryId], [Population]) VALUES (640, N'Trumbull', 41.26, -73.21, N'USA', NULL)
INSERT [dbo].[Cities] ([CityId], [CityName], [Latitude], [Longitude], [CountryId], [Population]) VALUES (641, N'Guangzhou', 23.12, 113.25, N'CHN', NULL)
INSERT [dbo].[Cities] ([CityId], [CityName], [Latitude], [Longitude], [CountryId], [Population]) VALUES (642, N'Cupertino', 37.3, -122.09, N'USA', NULL)
INSERT [dbo].[Cities] ([CityId], [CityName], [Latitude], [Longitude], [CountryId], [Population]) VALUES (643, N'Fort Lauderdale', 26.1, -80.27, N'USA', NULL)
INSERT [dbo].[Cities] ([CityId], [CityName], [Latitude], [Longitude], [CountryId], [Population]) VALUES (644, N'South Amboy', 40.48, -74.29, N'USA', NULL)
INSERT [dbo].[Cities] ([CityId], [CityName], [Latitude], [Longitude], [CountryId], [Population]) VALUES (645, N'Keller', 32.93, -97.25, N'USA', NULL)
INSERT [dbo].[Cities] ([CityId], [CityName], [Latitude], [Longitude], [CountryId], [Population]) VALUES (646, N'Long Island City', 40.74, -73.94, N'USA', NULL)
INSERT [dbo].[Cities] ([CityId], [CityName], [Latitude], [Longitude], [CountryId], [Population]) VALUES (647, N'Brooklyn', 40.69, -73.99, N'USA', NULL)
INSERT [dbo].[Cities] ([CityId], [CityName], [Latitude], [Longitude], [CountryId], [Population]) VALUES (648, N'Army Post Office', 56, -100, N'USA', NULL)
INSERT [dbo].[Cities] ([CityId], [CityName], [Latitude], [Longitude], [CountryId], [Population]) VALUES (649, N'Mesquite', 32.76, -96.61, N'USA', NULL)
INSERT [dbo].[Cities] ([CityId], [CityName], [Latitude], [Longitude], [CountryId], [Population]) VALUES (650, N'Mc Minnville', 35.65, -85.73, N'USA', NULL)
INSERT [dbo].[Cities] ([CityId], [CityName], [Latitude], [Longitude], [CountryId], [Population]) VALUES (651, N'Flatwoods', 38.5, -82.73, N'USA', NULL)
INSERT [dbo].[Cities] ([CityId], [CityName], [Latitude], [Longitude], [CountryId], [Population]) VALUES (652, N'Saint-maur-des-fossés', 48.8, 2.5, N'FRA', NULL)
INSERT [dbo].[Cities] ([CityId], [CityName], [Latitude], [Longitude], [CountryId], [Population]) VALUES (653, N'Bogart', 33.91, -83.52, N'USA', NULL)
INSERT [dbo].[Cities] ([CityId], [CityName], [Latitude], [Longitude], [CountryId], [Population]) VALUES (654, N'Cedar Hill', 32.59, -96.97, N'USA', NULL)
INSERT [dbo].[Cities] ([CityId], [CityName], [Latitude], [Longitude], [CountryId], [Population]) VALUES (655, N'São Gonçalo', -22.8, -43.03, N'BRA', NULL)
INSERT [dbo].[Cities] ([CityId], [CityName], [Latitude], [Longitude], [CountryId], [Population]) VALUES (656, N'Levittown', 40.72, -73.52, N'USA', NULL)
INSERT [dbo].[Cities] ([CityId], [CityName], [Latitude], [Longitude], [CountryId], [Population]) VALUES (657, N'Cornelia', 34.5, -83.58, N'USA', NULL)
INSERT [dbo].[Cities] ([CityId], [CityName], [Latitude], [Longitude], [CountryId], [Population]) VALUES (658, N'Des Plaines', 42, -87.9, N'USA', NULL)
INSERT [dbo].[Cities] ([CityId], [CityName], [Latitude], [Longitude], [CountryId], [Population]) VALUES (659, N'Fortaleza', -3.32, -41.42, N'BRA', NULL)
INSERT [dbo].[Cities] ([CityId], [CityName], [Latitude], [Longitude], [CountryId], [Population]) VALUES (660, N'Denver', 39.75, -105, N'USA', NULL)
INSERT [dbo].[Cities] ([CityId], [CityName], [Latitude], [Longitude], [CountryId], [Population]) VALUES (661, N'Shenzhen', 22.53, 114.13, N'CHN', NULL)
INSERT [dbo].[Cities] ([CityId], [CityName], [Latitude], [Longitude], [CountryId], [Population]) VALUES (662, N'Wenzhou', 28.02, 120.65, N'CHN', NULL)
INSERT [dbo].[Cities] ([CityId], [CityName], [Latitude], [Longitude], [CountryId], [Population]) VALUES (663, N'Riverton', 40.48, -112.01, N'USA', NULL)
INSERT [dbo].[Cities] ([CityId], [CityName], [Latitude], [Longitude], [CountryId], [Population]) VALUES (664, N'Shenyang', 41.79, 123.43, N'CHN', NULL)
INSERT [dbo].[Cities] ([CityId], [CityName], [Latitude], [Longitude], [CountryId], [Population]) VALUES (665, N'Gurgaon', 28.47, 77.03, N'IND', NULL)
INSERT [dbo].[Cities] ([CityId], [CityName], [Latitude], [Longitude], [CountryId], [Population]) VALUES (666, N'Glen Burnie', 39.16, -76.6, N'USA', NULL)
INSERT [dbo].[Cities] ([CityId], [CityName], [Latitude], [Longitude], [CountryId], [Population]) VALUES (667, N'Miami', 25.81, -80.24, N'USA', NULL)
INSERT [dbo].[Cities] ([CityId], [CityName], [Latitude], [Longitude], [CountryId], [Population]) VALUES (668, N'Chicago', 41.88, -87.63, N'USA', NULL)
INSERT [dbo].[Cities] ([CityId], [CityName], [Latitude], [Longitude], [CountryId], [Population]) VALUES (669, N'Shanghai', 31, 121.41, N'CHN', NULL)
INSERT [dbo].[Cities] ([CityId], [CityName], [Latitude], [Longitude], [CountryId], [Population]) VALUES (670, N'Tianjin', 39.14, 117.18, N'CHN', NULL)
INSERT [dbo].[Cities] ([CityId], [CityName], [Latitude], [Longitude], [CountryId], [Population]) VALUES (671, N'Evansdale', 42.49, -92.29, N'USA', NULL)
INSERT [dbo].[Cities] ([CityId], [CityName], [Latitude], [Longitude], [CountryId], [Population]) VALUES (672, N'Houston', 29.8, -95.42, N'USA', NULL)
INSERT [dbo].[Cities] ([CityId], [CityName], [Latitude], [Longitude], [CountryId], [Population]) VALUES (673, N'Dongguan', 23.05, 113.74, N'CHN', NULL)
INSERT [dbo].[Cities] ([CityId], [CityName], [Latitude], [Longitude], [CountryId], [Population]) VALUES (674, N'Anderson', 34.48, -82.68, N'USA', NULL)
INSERT [dbo].[Cities] ([CityId], [CityName], [Latitude], [Longitude], [CountryId], [Population]) VALUES (675, N'Bozeman', 45.71, -111.06, N'USA', NULL)
INSERT [dbo].[Cities] ([CityId], [CityName], [Latitude], [Longitude], [CountryId], [Population]) VALUES (676, N'Marksville', 31.18, -92.02, N'USA', NULL)
INSERT [dbo].[Cities] ([CityId], [CityName], [Latitude], [Longitude], [CountryId], [Population]) VALUES (677, N'Xiamen', 24.47, 118.09, N'CHN', NULL)
INSERT [dbo].[Cities] ([CityId], [CityName], [Latitude], [Longitude], [CountryId], [Population]) VALUES (678, N'Billerica', 42.55, -71.26, N'USA', NULL)
INSERT [dbo].[Cities] ([CityId], [CityName], [Latitude], [Longitude], [CountryId], [Population]) VALUES (679, N'Florianópolis', -27.58, -48.57, N'BRA', NULL)
INSERT [dbo].[Cities] ([CityId], [CityName], [Latitude], [Longitude], [CountryId], [Population]) VALUES (680, N'Vitória', -20.32, -40.35, N'BRA', NULL)
INSERT [dbo].[Cities] ([CityId], [CityName], [Latitude], [Longitude], [CountryId], [Population]) VALUES (681, N'Memphis', 35.03, -89.78, N'USA', NULL)
INSERT [dbo].[Cities] ([CityId], [CityName], [Latitude], [Longitude], [CountryId], [Population]) VALUES (682, N'Seattle', 47.58, -122.3, N'USA', NULL)
INSERT [dbo].[Cities] ([CityId], [CityName], [Latitude], [Longitude], [CountryId], [Population]) VALUES (683, N'Hyderabad', 17.38, 78.47, N'IND', NULL)
INSERT [dbo].[Cities] ([CityId], [CityName], [Latitude], [Longitude], [CountryId], [Population]) VALUES (684, N'Prospect', 40.9, -80.08, N'USA', NULL)
INSERT [dbo].[Cities] ([CityId], [CityName], [Latitude], [Longitude], [CountryId], [Population]) VALUES (685, N'Nanning', 22.82, 108.32, N'CHN', NULL)
INSERT [dbo].[Cities] ([CityId], [CityName], [Latitude], [Longitude], [CountryId], [Population]) VALUES (686, N'Bellevue', 47.6, -122.16, N'USA', NULL)
INSERT [dbo].[Cities] ([CityId], [CityName], [Latitude], [Longitude], [CountryId], [Population]) VALUES (687, N'Apollo Beach', 27.77, -82.41, N'USA', NULL)
INSERT [dbo].[Cities] ([CityId], [CityName], [Latitude], [Longitude], [CountryId], [Population]) VALUES (688, N'Elgin', 42.03, -88.3, N'USA', NULL)
INSERT [dbo].[Cities] ([CityId], [CityName], [Latitude], [Longitude], [CountryId], [Population]) VALUES (689, N'Cherryville', 35.39, -81.39, N'USA', NULL)
INSERT [dbo].[Cities] ([CityId], [CityName], [Latitude], [Longitude], [CountryId], [Population]) VALUES (690, N'Jiazhuang', 37.26, 117.08, N'CHN', NULL)
INSERT [dbo].[Cities] ([CityId], [CityName], [Latitude], [Longitude], [CountryId], [Population]) VALUES (691, N'Chongqing', 29.56, 106.55, N'CHN', NULL)
INSERT [dbo].[Cities] ([CityId], [CityName], [Latitude], [Longitude], [CountryId], [Population]) VALUES (692, N'Jinan', 36.67, 117, N'CHN', NULL)
INSERT [dbo].[Cities] ([CityId], [CityName], [Latitude], [Longitude], [CountryId], [Population]) VALUES (693, N'Grand Blanc', 42.92, -83.65, N'USA', NULL)
INSERT [dbo].[Cities] ([CityId], [CityName], [Latitude], [Longitude], [CountryId], [Population]) VALUES (694, N'Indiana', 40.62, -79.15, N'USA', NULL)
INSERT [dbo].[Cities] ([CityId], [CityName], [Latitude], [Longitude], [CountryId], [Population]) VALUES (695, N'Wuhan', 30.58, 114.27, N'CHN', NULL)
INSERT [dbo].[Cities] ([CityId], [CityName], [Latitude], [Longitude], [CountryId], [Population]) VALUES (696, N'Delhi', 28.67, 77.22, N'IND', NULL)
INSERT [dbo].[Cities] ([CityId], [CityName], [Latitude], [Longitude], [CountryId], [Population]) VALUES (697, N'Morrilton', 35.17, -92.74, N'USA', NULL)
INSERT [dbo].[Cities] ([CityId], [CityName], [Latitude], [Longitude], [CountryId], [Population]) VALUES (698, N'Sharon', 42.11, -71.18, N'USA', NULL)
INSERT [dbo].[Cities] ([CityId], [CityName], [Latitude], [Longitude], [CountryId], [Population]) VALUES (699, N'Pompton Lakes', 41, -74.28, N'USA', NULL)
INSERT [dbo].[Cities] ([CityId], [CityName], [Latitude], [Longitude], [CountryId], [Population]) VALUES (700, N'Eau Claire', 44.79, -91.54, N'USA', NULL)
INSERT [dbo].[Cities] ([CityId], [CityName], [Latitude], [Longitude], [CountryId], [Population]) VALUES (701, N'Saint Petersburg', 27.63, -82.7, N'USA', NULL)
INSERT [dbo].[Cities] ([CityId], [CityName], [Latitude], [Longitude], [CountryId], [Population]) VALUES (702, N'Hangzhou', 30.26, 120.17, N'CHN', NULL)
INSERT [dbo].[Cities] ([CityId], [CityName], [Latitude], [Longitude], [CountryId], [Population]) VALUES (703, N'Mount Holly', 39.99, -74.79, N'USA', NULL)
INSERT [dbo].[Cities] ([CityId], [CityName], [Latitude], [Longitude], [CountryId], [Population]) VALUES (704, N'Gindou', 44.63, 1.27, N'FRA', NULL)
INSERT [dbo].[Cities] ([CityId], [CityName], [Latitude], [Longitude], [CountryId], [Population]) VALUES (705, N'Chaoyang', 41.57, 120.46, N'CHN', NULL)
INSERT [dbo].[Cities] ([CityId], [CityName], [Latitude], [Longitude], [CountryId], [Population]) VALUES (706, N'Daqing', 41.72, 123.2, N'CHN', NULL)
INSERT [dbo].[Cities] ([CityId], [CityName], [Latitude], [Longitude], [CountryId], [Population]) VALUES (707, N'Meulan', 49.02, 1.9, N'FRA', NULL)
INSERT [dbo].[Cities] ([CityId], [CityName], [Latitude], [Longitude], [CountryId], [Population]) VALUES (708, N'Salvador', -12.98, -38.52, N'BRA', NULL)
INSERT [dbo].[Cities] ([CityId], [CityName], [Latitude], [Longitude], [CountryId], [Population]) VALUES (709, N'Atlanta', 33.8, -84.39, N'USA', NULL)
INSERT [dbo].[Cities] ([CityId], [CityName], [Latitude], [Longitude], [CountryId], [Population]) VALUES (710, N'Harbin', 45.75, 126.65, N'CHN', NULL)
INSERT [dbo].[Cities] ([CityId], [CityName], [Latitude], [Longitude], [CountryId], [Population]) VALUES (711, N'Hopkins', 33.91, -80.83, N'USA', NULL)
INSERT [dbo].[Cities] ([CityId], [CityName], [Latitude], [Longitude], [CountryId], [Population]) VALUES (712, N'Paris', 35.28, -93.72, N'USA', NULL)
INSERT [dbo].[Cities] ([CityId], [CityName], [Latitude], [Longitude], [CountryId], [Population]) VALUES (713, N'Cary', 35.78, -78.82, N'USA', NULL)
INSERT [dbo].[Cities] ([CityId], [CityName], [Latitude], [Longitude], [CountryId], [Population]) VALUES (714, N'Southgate', 42.21, -83.21, N'USA', NULL)
INSERT [dbo].[Cities] ([CityId], [CityName], [Latitude], [Longitude], [CountryId], [Population]) VALUES (715, N'Madras', 13.08, 80.28, N'IND', NULL)
INSERT [dbo].[Cities] ([CityId], [CityName], [Latitude], [Longitude], [CountryId], [Population]) VALUES (716, N'Viola', 36.38, -92, N'USA', NULL)
INSERT [dbo].[Cities] ([CityId], [CityName], [Latitude], [Longitude], [CountryId], [Population]) VALUES (717, N'Euclid', 41.57, -81.53, N'USA', NULL)
INSERT [dbo].[Cities] ([CityId], [CityName], [Latitude], [Longitude], [CountryId], [Population]) VALUES (718, N'Benton', 34.59, -92.67, N'USA', NULL)
INSERT [dbo].[Cities] ([CityId], [CityName], [Latitude], [Longitude], [CountryId], [Population]) VALUES (719, N'Rio Rancho', 35.25, -106.72, N'USA', NULL)
INSERT [dbo].[Cities] ([CityId], [CityName], [Latitude], [Longitude], [CountryId], [Population]) VALUES (720, N'Hutchinson', 38.13, -97.93, N'USA', NULL)
INSERT [dbo].[Cities] ([CityId], [CityName], [Latitude], [Longitude], [CountryId], [Population]) VALUES (721, N'Montgomery', 41.18, -76.95, N'USA', NULL)
INSERT [dbo].[Cities] ([CityId], [CityName], [Latitude], [Longitude], [CountryId], [Population]) VALUES (722, N'Colorado Springs', 38.83, -104.74, N'USA', NULL)
INSERT [dbo].[Cities] ([CityId], [CityName], [Latitude], [Longitude], [CountryId], [Population]) VALUES (723, N'Moriarty', 34.96, -106, N'USA', NULL)
INSERT [dbo].[Cities] ([CityId], [CityName], [Latitude], [Longitude], [CountryId], [Population]) VALUES (724, N'Vail', 39.64, -106.32, N'USA', NULL)
INSERT [dbo].[Cities] ([CityId], [CityName], [Latitude], [Longitude], [CountryId], [Population]) VALUES (725, N'Sandy', 45.38, -122.18, N'USA', NULL)
INSERT [dbo].[Cities] ([CityId], [CityName], [Latitude], [Longitude], [CountryId], [Population]) VALUES (726, N'Fennville', 42.57, -86.11, N'USA', NULL)
INSERT [dbo].[Cities] ([CityId], [CityName], [Latitude], [Longitude], [CountryId], [Population]) VALUES (727, N'Agra', 27.18, 78.02, N'IND', NULL)
INSERT [dbo].[Cities] ([CityId], [CityName], [Latitude], [Longitude], [CountryId], [Population]) VALUES (728, N'Kearney', 40.76, -99.02, N'USA', NULL)
INSERT [dbo].[Cities] ([CityId], [CityName], [Latitude], [Longitude], [CountryId], [Population]) VALUES (729, N'Kittanning', 40.81, -79.42, N'USA', NULL)
INSERT [dbo].[Cities] ([CityId], [CityName], [Latitude], [Longitude], [CountryId], [Population]) VALUES (730, N'Ripley', 38.79, -81.68, N'USA', NULL)
INSERT [dbo].[Cities] ([CityId], [CityName], [Latitude], [Longitude], [CountryId], [Population]) VALUES (731, N'Norwood', 42.18, -71.2, N'USA', NULL)
INSERT [dbo].[Cities] ([CityId], [CityName], [Latitude], [Longitude], [CountryId], [Population]) VALUES (732, N'Alexandria', 38.81, -77.13, N'USA', NULL)
INSERT [dbo].[Cities] ([CityId], [CityName], [Latitude], [Longitude], [CountryId], [Population]) VALUES (733, N'Richmond', 37.54, -77.48, N'USA', NULL)
GO
INSERT [dbo].[Cities] ([CityId], [CityName], [Latitude], [Longitude], [CountryId], [Population]) VALUES (734, N'Belton', 38.78, -94.55, N'USA', NULL)
INSERT [dbo].[Cities] ([CityId], [CityName], [Latitude], [Longitude], [CountryId], [Population]) VALUES (735, N'Laurel', 31.7, -89.11, N'USA', NULL)
INSERT [dbo].[Cities] ([CityId], [CityName], [Latitude], [Longitude], [CountryId], [Population]) VALUES (736, N'Lolo', 46.73, -114.36, N'USA', NULL)
INSERT [dbo].[Cities] ([CityId], [CityName], [Latitude], [Longitude], [CountryId], [Population]) VALUES (737, N'Peoria', 40.69, -89.59, N'USA', NULL)
INSERT [dbo].[Cities] ([CityId], [CityName], [Latitude], [Longitude], [CountryId], [Population]) VALUES (738, N'Iowa City', 41.64, -91.46, N'USA', NULL)
INSERT [dbo].[Cities] ([CityId], [CityName], [Latitude], [Longitude], [CountryId], [Population]) VALUES (739, N'Pawtucket', 41.87, -71.39, N'USA', NULL)
INSERT [dbo].[Cities] ([CityId], [CityName], [Latitude], [Longitude], [CountryId], [Population]) VALUES (740, N'Madison', 43.07, -89.39, N'USA', NULL)
INSERT [dbo].[Cities] ([CityId], [CityName], [Latitude], [Longitude], [CountryId], [Population]) VALUES (741, N'Toledo', 41.71, -83.54, N'USA', NULL)
INSERT [dbo].[Cities] ([CityId], [CityName], [Latitude], [Longitude], [CountryId], [Population]) VALUES (742, N'Woodbridge', 38.65, -77.31, N'USA', NULL)
INSERT [dbo].[Cities] ([CityId], [CityName], [Latitude], [Longitude], [CountryId], [Population]) VALUES (743, N'Suzhou', 31.31, 120.62, N'CHN', NULL)
INSERT [dbo].[Cities] ([CityId], [CityName], [Latitude], [Longitude], [CountryId], [Population]) VALUES (744, N'São Paulo', -23.53, -46.62, N'BRA', NULL)
INSERT [dbo].[Cities] ([CityId], [CityName], [Latitude], [Longitude], [CountryId], [Population]) VALUES (745, N'Henan', 37.9, 112.19, N'CHN', NULL)
INSERT [dbo].[Cities] ([CityId], [CityName], [Latitude], [Longitude], [CountryId], [Population]) VALUES (746, N'Lishui', 28.11, 119.56, N'CHN', NULL)
INSERT [dbo].[Cities] ([CityId], [CityName], [Latitude], [Longitude], [CountryId], [Population]) VALUES (747, N'Bangalore', 12.98, 77.58, N'IND', NULL)
INSERT [dbo].[Cities] ([CityId], [CityName], [Latitude], [Longitude], [CountryId], [Population]) VALUES (748, N'Zhongxin', 26.97, 109.77, N'CHN', NULL)
INSERT [dbo].[Cities] ([CityId], [CityName], [Latitude], [Longitude], [CountryId], [Population]) VALUES (749, N'Rolla', 37.93, -91.78, N'USA', NULL)
INSERT [dbo].[Cities] ([CityId], [CityName], [Latitude], [Longitude], [CountryId], [Population]) VALUES (750, N'Shelby', 35.36, -81.57, N'USA', NULL)
INSERT [dbo].[Cities] ([CityId], [CityName], [Latitude], [Longitude], [CountryId], [Population]) VALUES (751, N'Carbondale', 39.18, -107.23, N'USA', NULL)
INSERT [dbo].[Cities] ([CityId], [CityName], [Latitude], [Longitude], [CountryId], [Population]) VALUES (752, N'Decatur', 33.69, -84.25, N'USA', NULL)
INSERT [dbo].[Cities] ([CityId], [CityName], [Latitude], [Longitude], [CountryId], [Population]) VALUES (753, N'Baltimore', 39.34, -76.69, N'USA', NULL)
INSERT [dbo].[Cities] ([CityId], [CityName], [Latitude], [Longitude], [CountryId], [Population]) VALUES (754, N'Kokomo', 40.44, -86.09, N'USA', NULL)
INSERT [dbo].[Cities] ([CityId], [CityName], [Latitude], [Longitude], [CountryId], [Population]) VALUES (755, N'Broken Arrow', 36.06, -95.81, N'USA', NULL)
INSERT [dbo].[Cities] ([CityId], [CityName], [Latitude], [Longitude], [CountryId], [Population]) VALUES (756, N'Taiyüan', 37.73, 112.47, N'CHN', NULL)
INSERT [dbo].[Cities] ([CityId], [CityName], [Latitude], [Longitude], [CountryId], [Population]) VALUES (757, N'Raleigh', 35.93, -78.72, N'USA', NULL)
INSERT [dbo].[Cities] ([CityId], [CityName], [Latitude], [Longitude], [CountryId], [Population]) VALUES (758, N'Greenville', 34.86, -82.25, N'USA', NULL)
INSERT [dbo].[Cities] ([CityId], [CityName], [Latitude], [Longitude], [CountryId], [Population]) VALUES (759, N'Saint Paul', 45.07, -93.19, N'USA', NULL)
INSERT [dbo].[Cities] ([CityId], [CityName], [Latitude], [Longitude], [CountryId], [Population]) VALUES (760, N'Fort Mitchell', 32.29, -84.97, N'USA', NULL)
INSERT [dbo].[Cities] ([CityId], [CityName], [Latitude], [Longitude], [CountryId], [Population]) VALUES (761, N'Akron', 41.07, -81.54, N'USA', NULL)
INSERT [dbo].[Cities] ([CityId], [CityName], [Latitude], [Longitude], [CountryId], [Population]) VALUES (762, N'Zhongyuan', 19.14, 110.48, N'CHN', NULL)
INSERT [dbo].[Cities] ([CityId], [CityName], [Latitude], [Longitude], [CountryId], [Population]) VALUES (763, N'Stamford', 41.08, -73.54, N'USA', NULL)
INSERT [dbo].[Cities] ([CityId], [CityName], [Latitude], [Longitude], [CountryId], [Population]) VALUES (764, N'Phoenix', 33.43, -112.2, N'USA', NULL)
INSERT [dbo].[Cities] ([CityId], [CityName], [Latitude], [Longitude], [CountryId], [Population]) VALUES (765, N'Viroflay', 48.8, 2.17, N'FRA', NULL)
INSERT [dbo].[Cities] ([CityId], [CityName], [Latitude], [Longitude], [CountryId], [Population]) VALUES (766, N'Chengdu', 30.67, 104.07, N'CHN', NULL)
INSERT [dbo].[Cities] ([CityId], [CityName], [Latitude], [Longitude], [CountryId], [Population]) VALUES (767, N'Putian', 25.44, 119.01, N'CHN', NULL)
INSERT [dbo].[Cities] ([CityId], [CityName], [Latitude], [Longitude], [CountryId], [Population]) VALUES (768, N'New Palestine', 39.73, -85.89, N'USA', NULL)
INSERT [dbo].[Cities] ([CityId], [CityName], [Latitude], [Longitude], [CountryId], [Population]) VALUES (769, N'Caldwell', 39.73, -81.51, N'USA', NULL)
INSERT [dbo].[Cities] ([CityId], [CityName], [Latitude], [Longitude], [CountryId], [Population]) VALUES (770, N'Dundalk', 39.26, -76.5, N'USA', NULL)
INSERT [dbo].[Cities] ([CityId], [CityName], [Latitude], [Longitude], [CountryId], [Population]) VALUES (771, N'Minneapolis', 45.03, -93.3, N'USA', NULL)
INSERT [dbo].[Cities] ([CityId], [CityName], [Latitude], [Longitude], [CountryId], [Population]) VALUES (772, N'Brookings', 44.33, -96.81, N'USA', NULL)
INSERT [dbo].[Cities] ([CityId], [CityName], [Latitude], [Longitude], [CountryId], [Population]) VALUES (773, N'Las Cruces', 32.35, -106.77, N'USA', NULL)
INSERT [dbo].[Cities] ([CityId], [CityName], [Latitude], [Longitude], [CountryId], [Population]) VALUES (774, N'Mumbai', 18.98, 72.83, N'IND', NULL)
INSERT [dbo].[Cities] ([CityId], [CityName], [Latitude], [Longitude], [CountryId], [Population]) VALUES (775, N'Las Vegas', 36.08, -115.09, N'USA', NULL)
INSERT [dbo].[Cities] ([CityId], [CityName], [Latitude], [Longitude], [CountryId], [Population]) VALUES (776, N'Fuzhou', 26.06, 119.31, N'CHN', NULL)
INSERT [dbo].[Cities] ([CityId], [CityName], [Latitude], [Longitude], [CountryId], [Population]) VALUES (777, N'Hazelwood', 38.79, -90.38, N'USA', NULL)
INSERT [dbo].[Cities] ([CityId], [CityName], [Latitude], [Longitude], [CountryId], [Population]) VALUES (778, N'Moncks Corner', 33.12, -80.04, N'USA', NULL)
INSERT [dbo].[Cities] ([CityId], [CityName], [Latitude], [Longitude], [CountryId], [Population]) VALUES (779, N'Xian', 40.29, 117.65, N'CHN', NULL)
INSERT [dbo].[Cities] ([CityId], [CityName], [Latitude], [Longitude], [CountryId], [Population]) VALUES (780, N'Bothell', 47.84, -122.2, N'USA', NULL)
INSERT [dbo].[Cities] ([CityId], [CityName], [Latitude], [Longitude], [CountryId], [Population]) VALUES (781, N'Changge', 34.22, 113.77, N'CHN', NULL)
INSERT [dbo].[Cities] ([CityId], [CityName], [Latitude], [Longitude], [CountryId], [Population]) VALUES (782, N'Qingdao', 36.1, 120.37, N'CHN', NULL)
INSERT [dbo].[Cities] ([CityId], [CityName], [Latitude], [Longitude], [CountryId], [Population]) VALUES (783, N'Gilbert', 33.32, -111.76, N'USA', NULL)
INSERT [dbo].[Cities] ([CityId], [CityName], [Latitude], [Longitude], [CountryId], [Population]) VALUES (784, N'Sioux Falls', 43.52, -96.73, N'USA', NULL)
INSERT [dbo].[Cities] ([CityId], [CityName], [Latitude], [Longitude], [CountryId], [Population]) VALUES (785, N'Jinhua', 29.11, 119.65, N'CHN', NULL)
INSERT [dbo].[Cities] ([CityId], [CityName], [Latitude], [Longitude], [CountryId], [Population]) VALUES (786, N'Richmond', 37.77, -84.3, N'USA', NULL)
INSERT [dbo].[Cities] ([CityId], [CityName], [Latitude], [Longitude], [CountryId], [Population]) VALUES (787, N'Thana', 19.2, 72.97, N'IND', NULL)
INSERT [dbo].[Cities] ([CityId], [CityName], [Latitude], [Longitude], [CountryId], [Population]) VALUES (788, N'Thiruvananthapuram', 8.51, 76.96, N'IND', NULL)
INSERT [dbo].[Cities] ([CityId], [CityName], [Latitude], [Longitude], [CountryId], [Population]) VALUES (789, N'Huntsville', 34.64, -86.75, N'USA', NULL)
INSERT [dbo].[Cities] ([CityId], [CityName], [Latitude], [Longitude], [CountryId], [Population]) VALUES (790, N'Carter Lake', 41.29, -95.92, N'USA', NULL)
INSERT [dbo].[Cities] ([CityId], [CityName], [Latitude], [Longitude], [CountryId], [Population]) VALUES (791, N'Tupelo', 34.22, -88.77, N'USA', NULL)
INSERT [dbo].[Cities] ([CityId], [CityName], [Latitude], [Longitude], [CountryId], [Population]) VALUES (792, N'Menomonie', 44.85, -92, N'USA', NULL)
INSERT [dbo].[Cities] ([CityId], [CityName], [Latitude], [Longitude], [CountryId], [Population]) VALUES (793, N'Weare', 43.08, -71.72, N'USA', NULL)
INSERT [dbo].[Cities] ([CityId], [CityName], [Latitude], [Longitude], [CountryId], [Population]) VALUES (794, N'Amite', 30.73, -90.61, N'USA', NULL)
INSERT [dbo].[Cities] ([CityId], [CityName], [Latitude], [Longitude], [CountryId], [Population]) VALUES (795, N'Norfolk', 36.89, -76.27, N'USA', NULL)
INSERT [dbo].[Cities] ([CityId], [CityName], [Latitude], [Longitude], [CountryId], [Population]) VALUES (796, N'Portland', 43.69, -70.29, N'USA', NULL)
INSERT [dbo].[Cities] ([CityId], [CityName], [Latitude], [Longitude], [CountryId], [Population]) VALUES (797, N'Honolulu', 21.3, -157.79, N'USA', NULL)
INSERT [dbo].[Cities] ([CityId], [CityName], [Latitude], [Longitude], [CountryId], [Population]) VALUES (798, N'Overland Park', 38.92, -94.7, N'USA', NULL)
INSERT [dbo].[Cities] ([CityId], [CityName], [Latitude], [Longitude], [CountryId], [Population]) VALUES (799, N'Durg', 21.18, 81.28, N'IND', NULL)
INSERT [dbo].[Cities] ([CityId], [CityName], [Latitude], [Longitude], [CountryId], [Population]) VALUES (800, N'Williamston', 42.68, -84.27, N'USA', NULL)
INSERT [dbo].[Cities] ([CityId], [CityName], [Latitude], [Longitude], [CountryId], [Population]) VALUES (801, N'Tempe', 33.44, -111.92, N'USA', NULL)
INSERT [dbo].[Cities] ([CityId], [CityName], [Latitude], [Longitude], [CountryId], [Population]) VALUES (802, N'Kennewick', 46.08, -119.09, N'USA', NULL)
INSERT [dbo].[Cities] ([CityId], [CityName], [Latitude], [Longitude], [CountryId], [Population]) VALUES (803, N'Birmingham', 33.51, -86.8, N'USA', NULL)
INSERT [dbo].[Cities] ([CityId], [CityName], [Latitude], [Longitude], [CountryId], [Population]) VALUES (804, N'Coquille', 43.2, -124.12, N'USA', NULL)
INSERT [dbo].[Cities] ([CityId], [CityName], [Latitude], [Longitude], [CountryId], [Population]) VALUES (805, N'Hefei', 31.86, 117.28, N'CHN', NULL)
INSERT [dbo].[Cities] ([CityId], [CityName], [Latitude], [Longitude], [CountryId], [Population]) VALUES (806, N'Gardnerville', 38.92, -119.8, N'USA', NULL)
INSERT [dbo].[Cities] ([CityId], [CityName], [Latitude], [Longitude], [CountryId], [Population]) VALUES (807, N'Changsha', 28.18, 113.11, N'CHN', NULL)
INSERT [dbo].[Cities] ([CityId], [CityName], [Latitude], [Longitude], [CountryId], [Population]) VALUES (808, N'Salt Lake City', 40.71, -111.86, N'USA', NULL)
INSERT [dbo].[Cities] ([CityId], [CityName], [Latitude], [Longitude], [CountryId], [Population]) VALUES (809, N'Quitman', 32.35, -92.72, N'USA', NULL)
INSERT [dbo].[Cities] ([CityId], [CityName], [Latitude], [Longitude], [CountryId], [Population]) VALUES (810, N'Windsor', 41.86, -72.68, N'USA', NULL)
INSERT [dbo].[Cities] ([CityId], [CityName], [Latitude], [Longitude], [CountryId], [Population]) VALUES (811, N'Paris', 48.87, 2.33, N'FRA', NULL)
INSERT [dbo].[Cities] ([CityId], [CityName], [Latitude], [Longitude], [CountryId], [Population]) VALUES (812, N'Fort Wayne', 40.98, -85.12, N'USA', NULL)
INSERT [dbo].[Cities] ([CityId], [CityName], [Latitude], [Longitude], [CountryId], [Population]) VALUES (813, N'Moulton', 34.46, -87.3, N'USA', NULL)
INSERT [dbo].[Cities] ([CityId], [CityName], [Latitude], [Longitude], [CountryId], [Population]) VALUES (814, N'Sierra Vista', 31.59, -110.17, N'USA', NULL)
INSERT [dbo].[Cities] ([CityId], [CityName], [Latitude], [Longitude], [CountryId], [Population]) VALUES (815, N'Valparaiso', 41.46, -87.14, N'USA', NULL)
INSERT [dbo].[Cities] ([CityId], [CityName], [Latitude], [Longitude], [CountryId], [Population]) VALUES (816, N'Washington', 38.91, -77.08, N'USA', NULL)
INSERT [dbo].[Cities] ([CityId], [CityName], [Latitude], [Longitude], [CountryId], [Population]) VALUES (817, N'Gatlinburg', 35.67, -83.46, N'USA', NULL)
INSERT [dbo].[Cities] ([CityId], [CityName], [Latitude], [Longitude], [CountryId], [Population]) VALUES (818, N'Dover', 39.16, -75.49, N'USA', NULL)
INSERT [dbo].[Cities] ([CityId], [CityName], [Latitude], [Longitude], [CountryId], [Population]) VALUES (819, N'Lexington', 37.99, -84.49, N'USA', NULL)
INSERT [dbo].[Cities] ([CityId], [CityName], [Latitude], [Longitude], [CountryId], [Population]) VALUES (820, N'Olney', 39.15, -77.08, N'USA', NULL)
INSERT [dbo].[Cities] ([CityId], [CityName], [Latitude], [Longitude], [CountryId], [Population]) VALUES (821, N'Calcutta', 22.57, 88.37, N'IND', NULL)
INSERT [dbo].[Cities] ([CityId], [CityName], [Latitude], [Longitude], [CountryId], [Population]) VALUES (822, N'Knoxville', 36.06, -83.91, N'USA', NULL)
INSERT [dbo].[Cities] ([CityId], [CityName], [Latitude], [Longitude], [CountryId], [Population]) VALUES (823, N'Nasik', 19.98, 73.8, N'IND', NULL)
INSERT [dbo].[Cities] ([CityId], [CityName], [Latitude], [Longitude], [CountryId], [Population]) VALUES (824, N'New Delhi', 28.6, 77.2, N'IND', NULL)
INSERT [dbo].[Cities] ([CityId], [CityName], [Latitude], [Longitude], [CountryId], [Population]) VALUES (825, N'Xian', 34.26, 108.94, N'CHN', NULL)
INSERT [dbo].[Cities] ([CityId], [CityName], [Latitude], [Longitude], [CountryId], [Population]) VALUES (826, N'Toronto', 43.42, -79.24, N'CAN', NULL)
INSERT [dbo].[Cities] ([CityId], [CityName], [Latitude], [Longitude], [CountryId], [Population]) VALUES (827, N'Ottawa', 45.24, -75.4, N'CAN', NULL)
INSERT [dbo].[Cities] ([CityId], [CityName], [Latitude], [Longitude], [CountryId], [Population]) VALUES (828, N'Fraziers Bottom', 38.6, -82.03, N'USA', NULL)
INSERT [dbo].[Cities] ([CityId], [CityName], [Latitude], [Longitude], [CountryId], [Population]) VALUES (829, N'Pune', 18.53, 73.87, N'IND', NULL)
INSERT [dbo].[Cities] ([CityId], [CityName], [Latitude], [Longitude], [CountryId], [Population]) VALUES (830, N'Caracas', 10.3, -66.58, N'VEN', NULL)
INSERT [dbo].[Cities] ([CityId], [CityName], [Latitude], [Longitude], [CountryId], [Population]) VALUES (831, N'Indore', 22.72, 75.83, N'IND', NULL)
INSERT [dbo].[Cities] ([CityId], [CityName], [Latitude], [Longitude], [CountryId], [Population]) VALUES (832, N'Buenos Aires', -34.36, -58.23, N'ARG', NULL)
INSERT [dbo].[Cities] ([CityId], [CityName], [Latitude], [Longitude], [CountryId], [Population]) VALUES (833, N'Foshan', 23.03, 113.12, N'CHN', NULL)
GO
INSERT [dbo].[Cities] ([CityId], [CityName], [Latitude], [Longitude], [CountryId], [Population]) VALUES (834, N'Ahmadabad', 23.03, 72.62, N'IND', NULL)
INSERT [dbo].[Cities] ([CityId], [CityName], [Latitude], [Longitude], [CountryId], [Population]) VALUES (835, N'Lawrence', 39.04, -95.21, N'USA', NULL)
INSERT [dbo].[Cities] ([CityId], [CityName], [Latitude], [Longitude], [CountryId], [Population]) VALUES (836, N'New Orleans', 29.96, -90.08, N'USA', NULL)
INSERT [dbo].[Cities] ([CityId], [CityName], [Latitude], [Longitude], [CountryId], [Population]) VALUES (837, N'Columbia', 39.04, -92.27, N'USA', NULL)
INSERT [dbo].[Cities] ([CityId], [CityName], [Latitude], [Longitude], [CountryId], [Population]) VALUES (838, N'Lucknow', 26.85, 80.92, N'IND', NULL)
INSERT [dbo].[Cities] ([CityId], [CityName], [Latitude], [Longitude], [CountryId], [Population]) VALUES (839, N'Waukesha', 42.94, -88.3, N'USA', NULL)
INSERT [dbo].[Cities] ([CityId], [CityName], [Latitude], [Longitude], [CountryId], [Population]) VALUES (840, N'Belfort', 47.63, 6.87, N'FRA', NULL)
INSERT [dbo].[Cities] ([CityId], [CityName], [Latitude], [Longitude], [CountryId], [Population]) VALUES (841, N'Bhopal', 23.27, 77.4, N'IND', NULL)
INSERT [dbo].[Cities] ([CityId], [CityName], [Latitude], [Longitude], [CountryId], [Population]) VALUES (842, N'Middleton', 43.74, -116.58, N'USA', NULL)
INSERT [dbo].[Cities] ([CityId], [CityName], [Latitude], [Longitude], [CountryId], [Population]) VALUES (843, N'Jaipur', 26.92, 75.82, N'IND', NULL)
INSERT [dbo].[Cities] ([CityId], [CityName], [Latitude], [Longitude], [CountryId], [Population]) VALUES (844, N'Tiruchchirappalli', 10.81, 78.69, N'IND', NULL)
INSERT [dbo].[Cities] ([CityId], [CityName], [Latitude], [Longitude], [CountryId], [Population]) VALUES (845, N'Lenexa', 38.95, -94.75, N'USA', NULL)
INSERT [dbo].[Cities] ([CityId], [CityName], [Latitude], [Longitude], [CountryId], [Population]) VALUES (846, N'Hulun', 49.2, 119.7, N'CHN', NULL)
INSERT [dbo].[Cities] ([CityId], [CityName], [Latitude], [Longitude], [CountryId], [Population]) VALUES (847, N'Strasbourg', 48.58, 7.75, N'FRA', NULL)
INSERT [dbo].[Cities] ([CityId], [CityName], [Latitude], [Longitude], [CountryId], [Population]) VALUES (848, N'Pahala', 19.2, -155.5, N'USA', NULL)
INSERT [dbo].[Cities] ([CityId], [CityName], [Latitude], [Longitude], [CountryId], [Population]) VALUES (849, N'Cuttack', 20.5, 85.83, N'IND', NULL)
INSERT [dbo].[Cities] ([CityId], [CityName], [Latitude], [Longitude], [CountryId], [Population]) VALUES (850, N'Visakhapatnam', 17.7, 83.3, N'IND', NULL)
INSERT [dbo].[Cities] ([CityId], [CityName], [Latitude], [Longitude], [CountryId], [Population]) VALUES (851, N'Pocatello', 42.91, -112.4, N'USA', NULL)
INSERT [dbo].[Cities] ([CityId], [CityName], [Latitude], [Longitude], [CountryId], [Population]) VALUES (852, N'Vanceburg', 38.51, -83.41, N'USA', NULL)
INSERT [dbo].[Cities] ([CityId], [CityName], [Latitude], [Longitude], [CountryId], [Population]) VALUES (853, N'Bristol', 41.68, -72.94, N'USA', NULL)
INSERT [dbo].[Cities] ([CityId], [CityName], [Latitude], [Longitude], [CountryId], [Population]) VALUES (854, N'Rajkot', 22.3, 70.78, N'IND', NULL)
INSERT [dbo].[Cities] ([CityId], [CityName], [Latitude], [Longitude], [CountryId], [Population]) VALUES (855, N'Meerut', 28.98, 77.7, N'IND', NULL)
INSERT [dbo].[Cities] ([CityId], [CityName], [Latitude], [Longitude], [CountryId], [Population]) VALUES (856, N'Muzaffarnagar', 29.47, 77.68, N'IND', NULL)
INSERT [dbo].[Cities] ([CityId], [CityName], [Latitude], [Longitude], [CountryId], [Population]) VALUES (857, N'Changchun', 43.88, 125.32, N'CHN', NULL)
INSERT [dbo].[Cities] ([CityId], [CityName], [Latitude], [Longitude], [CountryId], [Population]) VALUES (858, N'Suri', 23.92, 87.53, N'IND', NULL)
INSERT [dbo].[Cities] ([CityId], [CityName], [Latitude], [Longitude], [CountryId], [Population]) VALUES (859, N'Vijayawada', 16.52, 80.62, N'IND', NULL)
INSERT [dbo].[Cities] ([CityId], [CityName], [Latitude], [Longitude], [CountryId], [Population]) VALUES (860, N'Saint Cloud', 45.49, -94.23, N'USA', NULL)
INSERT [dbo].[Cities] ([CityId], [CityName], [Latitude], [Longitude], [CountryId], [Population]) VALUES (861, N'Madurai', 9.93, 78.12, N'IND', NULL)
INSERT [dbo].[Cities] ([CityId], [CityName], [Latitude], [Longitude], [CountryId], [Population]) VALUES (862, N'Ewa Beach', 21.35, -158.02, N'USA', NULL)
INSERT [dbo].[Cities] ([CityId], [CityName], [Latitude], [Longitude], [CountryId], [Population]) VALUES (863, N'Vadodara', 22.3, 73.2, N'IND', NULL)
INSERT [dbo].[Cities] ([CityId], [CityName], [Latitude], [Longitude], [CountryId], [Population]) VALUES (864, N'Ranchi', 23.35, 85.33, N'IND', NULL)
INSERT [dbo].[Cities] ([CityId], [CityName], [Latitude], [Longitude], [CountryId], [Population]) VALUES (865, N'Chandigarh', 30.74, 76.79, N'IND', NULL)
INSERT [dbo].[Cities] ([CityId], [CityName], [Latitude], [Longitude], [CountryId], [Population]) VALUES (866, N'Montrouge', 48.82, 2.32, N'FRA', NULL)
INSERT [dbo].[Cities] ([CityId], [CityName], [Latitude], [Longitude], [CountryId], [Population]) VALUES (867, N'Tulsa', 36.14, -95.94, N'USA', NULL)
INSERT [dbo].[Cities] ([CityId], [CityName], [Latitude], [Longitude], [CountryId], [Population]) VALUES (868, N'Newalla', 35.35, -97.2, N'USA', NULL)
INSERT [dbo].[Cities] ([CityId], [CityName], [Latitude], [Longitude], [CountryId], [Population]) VALUES (869, N'Ludhiana', 30.9, 75.85, N'IND', NULL)
INSERT [dbo].[Cities] ([CityId], [CityName], [Latitude], [Longitude], [CountryId], [Population]) VALUES (870, N'Surat', 20.97, 72.9, N'IND', NULL)
INSERT [dbo].[Cities] ([CityId], [CityName], [Latitude], [Longitude], [CountryId], [Population]) VALUES (871, N'Karimnagar', 18.43, 79.15, N'IND', NULL)
INSERT [dbo].[Cities] ([CityId], [CityName], [Latitude], [Longitude], [CountryId], [Population]) VALUES (872, N'Hillsboro', 45.51, -122.94, N'USA', NULL)
INSERT [dbo].[Cities] ([CityId], [CityName], [Latitude], [Longitude], [CountryId], [Population]) VALUES (873, N'Thanjavur', 10.8, 79.15, N'IND', NULL)
INSERT [dbo].[Cities] ([CityId], [CityName], [Latitude], [Longitude], [CountryId], [Population]) VALUES (874, N'Sète', 43.4, 3.68, N'FRA', NULL)
INSERT [dbo].[Cities] ([CityId], [CityName], [Latitude], [Longitude], [CountryId], [Population]) VALUES (875, N'Kapurthala', 31.38, 75.38, N'IND', NULL)
INSERT [dbo].[Cities] ([CityId], [CityName], [Latitude], [Longitude], [CountryId], [Population]) VALUES (876, N'Silchar', 24.82, 92.8, N'IND', NULL)
INSERT [dbo].[Cities] ([CityId], [CityName], [Latitude], [Longitude], [CountryId], [Population]) VALUES (877, N'Bourges', 47.08, 2.4, N'FRA', NULL)
INSERT [dbo].[Cities] ([CityId], [CityName], [Latitude], [Longitude], [CountryId], [Population]) VALUES (878, N'Zhengzhou', 34.68, 113.53, N'CHN', NULL)
INSERT [dbo].[Cities] ([CityId], [CityName], [Latitude], [Longitude], [CountryId], [Population]) VALUES (879, N'Portland', 45.59, -122.71, N'USA', NULL)
INSERT [dbo].[Cities] ([CityId], [CityName], [Latitude], [Longitude], [CountryId], [Population]) VALUES (880, N'Bhubaneswar', 20.23, 85.83, N'IND', NULL)
INSERT [dbo].[Cities] ([CityId], [CityName], [Latitude], [Longitude], [CountryId], [Population]) VALUES (881, N'Keaau', 19.58, -155.02, N'USA', NULL)
INSERT [dbo].[Cities] ([CityId], [CityName], [Latitude], [Longitude], [CountryId], [Population]) VALUES (882, N'Tours', 47.38, 0.68, N'FRA', NULL)
INSERT [dbo].[Cities] ([CityId], [CityName], [Latitude], [Longitude], [CountryId], [Population]) VALUES (883, N'Faridabad', 28.43, 77.32, N'IND', NULL)
INSERT [dbo].[Cities] ([CityId], [CityName], [Latitude], [Longitude], [CountryId], [Population]) VALUES (884, N'Jacareí', -23.32, -45.97, N'BRA', NULL)
INSERT [dbo].[Cities] ([CityId], [CityName], [Latitude], [Longitude], [CountryId], [Population]) VALUES (885, N'Celles-sur-ource', 48.08, 4.4, N'FRA', NULL)
INSERT [dbo].[Cities] ([CityId], [CityName], [Latitude], [Longitude], [CountryId], [Population]) VALUES (886, N'Trébeurden', 48.77, -3.57, N'FRA', NULL)
INSERT [dbo].[Cities] ([CityId], [CityName], [Latitude], [Longitude], [CountryId], [Population]) VALUES (887, N'Haora', 22.59, 88.31, N'IND', NULL)
INSERT [dbo].[Cities] ([CityId], [CityName], [Latitude], [Longitude], [CountryId], [Population]) VALUES (888, N'Sacy-le-grand', 49.35, 2.55, N'FRA', NULL)
INSERT [dbo].[Cities] ([CityId], [CityName], [Latitude], [Longitude], [CountryId], [Population]) VALUES (889, N'Langfang', 39.51, 116.69, N'CHN', NULL)
INSERT [dbo].[Cities] ([CityId], [CityName], [Latitude], [Longitude], [CountryId], [Population]) VALUES (890, N'Lamorlaye', 49.15, 2.43, N'FRA', NULL)
INSERT [dbo].[Cities] ([CityId], [CityName], [Latitude], [Longitude], [CountryId], [Population]) VALUES (891, N'Brewer', 44.78, -68.74, N'USA', NULL)
INSERT [dbo].[Cities] ([CityId], [CityName], [Latitude], [Longitude], [CountryId], [Population]) VALUES (892, N'Niederroedern', 48.9, 8.05, N'FRA', NULL)
INSERT [dbo].[Cities] ([CityId], [CityName], [Latitude], [Longitude], [CountryId], [Population]) VALUES (893, N'Beauvais', 49.43, 2.08, N'FRA', NULL)
INSERT [dbo].[Cities] ([CityId], [CityName], [Latitude], [Longitude], [CountryId], [Population]) VALUES (894, N'Kolkata', 22.57, 88.37, N'IND', NULL)
INSERT [dbo].[Cities] ([CityId], [CityName], [Latitude], [Longitude], [CountryId], [Population]) VALUES (895, N'Lyon', 45.75, 4.85, N'FRA', NULL)
INSERT [dbo].[Cities] ([CityId], [CityName], [Latitude], [Longitude], [CountryId], [Population]) VALUES (896, N'Henderson', 36.03, -115.07, N'USA', NULL)
INSERT [dbo].[Cities] ([CityId], [CityName], [Latitude], [Longitude], [CountryId], [Population]) VALUES (897, N'Coursan', 43.23, 3.07, N'FRA', NULL)
INSERT [dbo].[Cities] ([CityId], [CityName], [Latitude], [Longitude], [CountryId], [Population]) VALUES (898, N'Zudausques', 50.75, 2.15, N'FRA', NULL)
INSERT [dbo].[Cities] ([CityId], [CityName], [Latitude], [Longitude], [CountryId], [Population]) VALUES (899, N'Nancy', 48.68, 6.2, N'FRA', NULL)
INSERT [dbo].[Cities] ([CityId], [CityName], [Latitude], [Longitude], [CountryId], [Population]) VALUES (900, N'Piracicaba', -22.72, -47.63, N'BRA', NULL)
INSERT [dbo].[Cities] ([CityId], [CityName], [Latitude], [Longitude], [CountryId], [Population]) VALUES (901, N'Porto Alegre', -30.03, -51.2, N'BRA', NULL)
INSERT [dbo].[Cities] ([CityId], [CityName], [Latitude], [Longitude], [CountryId], [Population]) VALUES (902, N'Nogent-le-roi', 48.65, 1.53, N'FRA', NULL)
INSERT [dbo].[Cities] ([CityId], [CityName], [Latitude], [Longitude], [CountryId], [Population]) VALUES (903, N'Grillon', 44.4, 4.93, N'FRA', NULL)
INSERT [dbo].[Cities] ([CityId], [CityName], [Latitude], [Longitude], [CountryId], [Population]) VALUES (904, N'Haryana', 29.62, 76.98, N'IND', NULL)
INSERT [dbo].[Cities] ([CityId], [CityName], [Latitude], [Longitude], [CountryId], [Population]) VALUES (905, N'Rennes', 48.08, -1.68, N'FRA', NULL)
INSERT [dbo].[Cities] ([CityId], [CityName], [Latitude], [Longitude], [CountryId], [Population]) VALUES (906, N'Cuzieu', 45.62, 4.27, N'FRA', NULL)
INSERT [dbo].[Cities] ([CityId], [CityName], [Latitude], [Longitude], [CountryId], [Population]) VALUES (907, N'Haikou', 20.05, 110.34, N'CHN', NULL)
INSERT [dbo].[Cities] ([CityId], [CityName], [Latitude], [Longitude], [CountryId], [Population]) VALUES (908, N'Tassin-la-demi-lune', 45.77, 4.78, N'FRA', NULL)
INSERT [dbo].[Cities] ([CityId], [CityName], [Latitude], [Longitude], [CountryId], [Population]) VALUES (909, N'Cuers', 43.23, 6.07, N'FRA', NULL)
INSERT [dbo].[Cities] ([CityId], [CityName], [Latitude], [Longitude], [CountryId], [Population]) VALUES (910, N'Belo Horizonte', -19.92, -43.93, N'BRA', NULL)
INSERT [dbo].[Cities] ([CityId], [CityName], [Latitude], [Longitude], [CountryId], [Population]) VALUES (911, N'Kota', 25.18, 75.83, N'IND', NULL)
INSERT [dbo].[Cities] ([CityId], [CityName], [Latitude], [Longitude], [CountryId], [Population]) VALUES (912, N'Mieussy', 46.15, 6.53, N'FRA', NULL)
INSERT [dbo].[Cities] ([CityId], [CityName], [Latitude], [Longitude], [CountryId], [Population]) VALUES (913, N'Amritsar', 31.63, 74.87, N'IND', NULL)
INSERT [dbo].[Cities] ([CityId], [CityName], [Latitude], [Longitude], [CountryId], [Population]) VALUES (914, N'Kochi', 9.97, 76.23, N'IND', NULL)
INSERT [dbo].[Cities] ([CityId], [CityName], [Latitude], [Longitude], [CountryId], [Population]) VALUES (915, N'Bauru', -22.32, -49.07, N'BRA', NULL)
INSERT [dbo].[Cities] ([CityId], [CityName], [Latitude], [Longitude], [CountryId], [Population]) VALUES (916, N'Circle Pines', 45.17, -93.12, N'USA', NULL)
INSERT [dbo].[Cities] ([CityId], [CityName], [Latitude], [Longitude], [CountryId], [Population]) VALUES (917, N'Limoges', 45.85, 1.25, N'FRA', NULL)
INSERT [dbo].[Cities] ([CityId], [CityName], [Latitude], [Longitude], [CountryId], [Population]) VALUES (918, N'Guiyang', 26.58, 106.72, N'CHN', NULL)
INSERT [dbo].[Cities] ([CityId], [CityName], [Latitude], [Longitude], [CountryId], [Population]) VALUES (919, N'Lille', 50.63, 3.07, N'FRA', NULL)
INSERT [dbo].[Cities] ([CityId], [CityName], [Latitude], [Longitude], [CountryId], [Population]) VALUES (920, N'Martigues', 43.4, 5.05, N'FRA', NULL)
INSERT [dbo].[Cities] ([CityId], [CityName], [Latitude], [Longitude], [CountryId], [Population]) VALUES (921, N'Fleury-les-aubrais', 47.93, 1.92, N'FRA', NULL)
INSERT [dbo].[Cities] ([CityId], [CityName], [Latitude], [Longitude], [CountryId], [Population]) VALUES (922, N'Aubevoye', 49.15, 1.33, N'FRA', NULL)
INSERT [dbo].[Cities] ([CityId], [CityName], [Latitude], [Longitude], [CountryId], [Population]) VALUES (923, N'Thalassery', 11.75, 75.49, N'IND', NULL)
INSERT [dbo].[Cities] ([CityId], [CityName], [Latitude], [Longitude], [CountryId], [Population]) VALUES (924, N'Angoulême', 45.65, 0.15, N'FRA', NULL)
INSERT [dbo].[Cities] ([CityId], [CityName], [Latitude], [Longitude], [CountryId], [Population]) VALUES (925, N'Guwahati', 26.18, 91.73, N'IND', NULL)
INSERT [dbo].[Cities] ([CityId], [CityName], [Latitude], [Longitude], [CountryId], [Population]) VALUES (926, N'Kannur', 11.87, 75.37, N'IND', NULL)
INSERT [dbo].[Cities] ([CityId], [CityName], [Latitude], [Longitude], [CountryId], [Population]) VALUES (927, N'Pauvres', 49.42, 4.5, N'FRA', NULL)
INSERT [dbo].[Cities] ([CityId], [CityName], [Latitude], [Longitude], [CountryId], [Population]) VALUES (928, N'Dubois', 43.49, -109.64, N'USA', NULL)
INSERT [dbo].[Cities] ([CityId], [CityName], [Latitude], [Longitude], [CountryId], [Population]) VALUES (929, N'Mangaluru', 12.86, 74.84, N'IND', NULL)
INSERT [dbo].[Cities] ([CityId], [CityName], [Latitude], [Longitude], [CountryId], [Population]) VALUES (930, N'Wilmington', 39.72, -75.53, N'USA', NULL)
INSERT [dbo].[Cities] ([CityId], [CityName], [Latitude], [Longitude], [CountryId], [Population]) VALUES (931, N'Beausoleil', 43.75, 7.43, N'FRA', NULL)
INSERT [dbo].[Cities] ([CityId], [CityName], [Latitude], [Longitude], [CountryId], [Population]) VALUES (932, N'Vapi', 20.37, 72.9, N'IND', NULL)
INSERT [dbo].[Cities] ([CityId], [CityName], [Latitude], [Longitude], [CountryId], [Population]) VALUES (933, N'Bruguières', 43.73, 1.42, N'FRA', NULL)
GO
INSERT [dbo].[Cities] ([CityId], [CityName], [Latitude], [Longitude], [CountryId], [Population]) VALUES (934, N'Olive Branch', 34.92, -89.82, N'USA', NULL)
INSERT [dbo].[Cities] ([CityId], [CityName], [Latitude], [Longitude], [CountryId], [Population]) VALUES (935, N'Wheeling', 40.06, -80.64, N'USA', NULL)
INSERT [dbo].[Cities] ([CityId], [CityName], [Latitude], [Longitude], [CountryId], [Population]) VALUES (936, N'Joinville', -26.3, -48.83, N'BRA', NULL)
INSERT [dbo].[Cities] ([CityId], [CityName], [Latitude], [Longitude], [CountryId], [Population]) VALUES (937, N'Raymond', 43.03, -71.2, N'USA', NULL)
INSERT [dbo].[Cities] ([CityId], [CityName], [Latitude], [Longitude], [CountryId], [Population]) VALUES (938, N'Altamira', -3.2, -52.2, N'BRA', NULL)
INSERT [dbo].[Cities] ([CityId], [CityName], [Latitude], [Longitude], [CountryId], [Population]) VALUES (939, N'Nashua', 42.73, -71.46, N'USA', NULL)
INSERT [dbo].[Cities] ([CityId], [CityName], [Latitude], [Longitude], [CountryId], [Population]) VALUES (940, N'Valady', 44.45, 2.43, N'FRA', NULL)
INSERT [dbo].[Cities] ([CityId], [CityName], [Latitude], [Longitude], [CountryId], [Population]) VALUES (941, N'Taizhou', 32.49, 119.91, N'CHN', NULL)
INSERT [dbo].[Cities] ([CityId], [CityName], [Latitude], [Longitude], [CountryId], [Population]) VALUES (942, N'Lisieux', 49.15, 0.23, N'FRA', NULL)
INSERT [dbo].[Cities] ([CityId], [CityName], [Latitude], [Longitude], [CountryId], [Population]) VALUES (943, N'Hampstead', 42.88, -71.17, N'USA', NULL)
INSERT [dbo].[Cities] ([CityId], [CityName], [Latitude], [Longitude], [CountryId], [Population]) VALUES (944, N'Sigean', 43.03, 2.98, N'FRA', NULL)
INSERT [dbo].[Cities] ([CityId], [CityName], [Latitude], [Longitude], [CountryId], [Population]) VALUES (945, N'Rio De Janeiro', -22.9, -43.23, N'BRA', NULL)
INSERT [dbo].[Cities] ([CityId], [CityName], [Latitude], [Longitude], [CountryId], [Population]) VALUES (946, N'Patna', 25.6, 85.12, N'IND', NULL)
INSERT [dbo].[Cities] ([CityId], [CityName], [Latitude], [Longitude], [CountryId], [Population]) VALUES (947, N'Laruscade', 45.12, -0.33, N'FRA', NULL)
INSERT [dbo].[Cities] ([CityId], [CityName], [Latitude], [Longitude], [CountryId], [Population]) VALUES (948, N'Niterói', -22.88, -43.09, N'BRA', NULL)
INSERT [dbo].[Cities] ([CityId], [CityName], [Latitude], [Longitude], [CountryId], [Population]) VALUES (949, N'São Leopoldo', -29.77, -51.15, N'BRA', NULL)
INSERT [dbo].[Cities] ([CityId], [CityName], [Latitude], [Longitude], [CountryId], [Population]) VALUES (950, N'Biddeford', 43.5, -70.49, N'USA', NULL)
INSERT [dbo].[Cities] ([CityId], [CityName], [Latitude], [Longitude], [CountryId], [Population]) VALUES (951, N'Balma', 43.62, 1.5, N'FRA', NULL)
INSERT [dbo].[Cities] ([CityId], [CityName], [Latitude], [Longitude], [CountryId], [Population]) VALUES (952, N'Le Recoux', 44.33, 3.15, N'FRA', NULL)
INSERT [dbo].[Cities] ([CityId], [CityName], [Latitude], [Longitude], [CountryId], [Population]) VALUES (953, N'Dewas', 22.97, 76.07, N'IND', NULL)
INSERT [dbo].[Cities] ([CityId], [CityName], [Latitude], [Longitude], [CountryId], [Population]) VALUES (954, N'La Chapelle', 48.33, 4.05, N'FRA', NULL)
INSERT [dbo].[Cities] ([CityId], [CityName], [Latitude], [Longitude], [CountryId], [Population]) VALUES (955, N'Fernley', 39.67, -119.07, N'USA', NULL)
INSERT [dbo].[Cities] ([CityId], [CityName], [Latitude], [Longitude], [CountryId], [Population]) VALUES (956, N'Camps', 44.98, 2, N'FRA', NULL)
INSERT [dbo].[Cities] ([CityId], [CityName], [Latitude], [Longitude], [CountryId], [Population]) VALUES (957, N'Delhi Paharganj', 28.62, 77.22, N'IND', NULL)
INSERT [dbo].[Cities] ([CityId], [CityName], [Latitude], [Longitude], [CountryId], [Population]) VALUES (958, N'Lambersart', 50.65, 3.03, N'FRA', NULL)
INSERT [dbo].[Cities] ([CityId], [CityName], [Latitude], [Longitude], [CountryId], [Population]) VALUES (959, N'Dole', 47.1, 5.5, N'FRA', NULL)
INSERT [dbo].[Cities] ([CityId], [CityName], [Latitude], [Longitude], [CountryId], [Population]) VALUES (960, N'Irati', -25.48, -50.65, N'BRA', NULL)
INSERT [dbo].[Cities] ([CityId], [CityName], [Latitude], [Longitude], [CountryId], [Population]) VALUES (961, N'Arras', 50.28, 2.78, N'FRA', NULL)
INSERT [dbo].[Cities] ([CityId], [CityName], [Latitude], [Longitude], [CountryId], [Population]) VALUES (962, N'Brive-la-gaillarde', 45.15, 1.53, N'FRA', NULL)
INSERT [dbo].[Cities] ([CityId], [CityName], [Latitude], [Longitude], [CountryId], [Population]) VALUES (963, N'Servilly', 46.28, 3.6, N'FRA', NULL)
INSERT [dbo].[Cities] ([CityId], [CityName], [Latitude], [Longitude], [CountryId], [Population]) VALUES (964, N'Baltic', 43.74, -96.76, N'USA', NULL)
INSERT [dbo].[Cities] ([CityId], [CityName], [Latitude], [Longitude], [CountryId], [Population]) VALUES (965, N'Olinda', -8.02, -34.85, N'BRA', NULL)
INSERT [dbo].[Cities] ([CityId], [CityName], [Latitude], [Longitude], [CountryId], [Population]) VALUES (966, N'Yellapur', 14.97, 74.72, N'IND', NULL)
INSERT [dbo].[Cities] ([CityId], [CityName], [Latitude], [Longitude], [CountryId], [Population]) VALUES (967, N'Berwick', 43.3, -70.84, N'USA', NULL)
INSERT [dbo].[Cities] ([CityId], [CityName], [Latitude], [Longitude], [CountryId], [Population]) VALUES (968, N'Norman', 35.25, -97.46, N'USA', NULL)
INSERT [dbo].[Cities] ([CityId], [CityName], [Latitude], [Longitude], [CountryId], [Population]) VALUES (969, N'Metzeral', 48.02, 7.07, N'FRA', NULL)
INSERT [dbo].[Cities] ([CityId], [CityName], [Latitude], [Longitude], [CountryId], [Population]) VALUES (970, N'Claymont', 39.8, -75.46, N'USA', NULL)
INSERT [dbo].[Cities] ([CityId], [CityName], [Latitude], [Longitude], [CountryId], [Population]) VALUES (971, N'Angers', 47.47, -0.55, N'FRA', NULL)
INSERT [dbo].[Cities] ([CityId], [CityName], [Latitude], [Longitude], [CountryId], [Population]) VALUES (972, N'Sandpoint', 48.34, -116.45, N'USA', NULL)
INSERT [dbo].[Cities] ([CityId], [CityName], [Latitude], [Longitude], [CountryId], [Population]) VALUES (973, N'Uberlândia', -18.92, -48.3, N'BRA', NULL)
INSERT [dbo].[Cities] ([CityId], [CityName], [Latitude], [Longitude], [CountryId], [Population]) VALUES (974, N'Boise', 43.55, -116.29, N'USA', NULL)
INSERT [dbo].[Cities] ([CityId], [CityName], [Latitude], [Longitude], [CountryId], [Population]) VALUES (975, N'Manaus', -3.11, -60.03, N'BRA', NULL)
INSERT [dbo].[Cities] ([CityId], [CityName], [Latitude], [Longitude], [CountryId], [Population]) VALUES (976, N'Sonipat', 28.98, 77.02, N'IND', NULL)
INSERT [dbo].[Cities] ([CityId], [CityName], [Latitude], [Longitude], [CountryId], [Population]) VALUES (977, N'Laramie', 41.43, -105.52, N'USA', NULL)
INSERT [dbo].[Cities] ([CityId], [CityName], [Latitude], [Longitude], [CountryId], [Population]) VALUES (978, N'Besançon', 47.25, 6.03, N'FRA', NULL)
INSERT [dbo].[Cities] ([CityId], [CityName], [Latitude], [Longitude], [CountryId], [Population]) VALUES (979, N'Brasília', -15.78, -47.92, N'BRA', NULL)
INSERT [dbo].[Cities] ([CityId], [CityName], [Latitude], [Longitude], [CountryId], [Population]) VALUES (980, N'São José', -27.63, -48.65, N'BRA', NULL)
INSERT [dbo].[Cities] ([CityId], [CityName], [Latitude], [Longitude], [CountryId], [Population]) VALUES (981, N'Jackson', 32.33, -90.2, N'USA', NULL)
INSERT [dbo].[Cities] ([CityId], [CityName], [Latitude], [Longitude], [CountryId], [Population]) VALUES (982, N'Santa Fe', 35.68, -105.96, N'USA', NULL)
INSERT [dbo].[Cities] ([CityId], [CityName], [Latitude], [Longitude], [CountryId], [Population]) VALUES (983, N'Rezonville', 49.1, 6, N'FRA', NULL)
INSERT [dbo].[Cities] ([CityId], [CityName], [Latitude], [Longitude], [CountryId], [Population]) VALUES (984, N'Ogden', 41.22, -111.97, N'USA', NULL)
INSERT [dbo].[Cities] ([CityId], [CityName], [Latitude], [Longitude], [CountryId], [Population]) VALUES (985, N'Fleet Post Office', 57, -100, N'USA', NULL)
INSERT [dbo].[Cities] ([CityId], [CityName], [Latitude], [Longitude], [CountryId], [Population]) VALUES (986, N'Orem', 40.29, -111.72, N'USA', NULL)
INSERT [dbo].[Cities] ([CityId], [CityName], [Latitude], [Longitude], [CountryId], [Population]) VALUES (987, N'Jandun', 49.65, 4.55, N'FRA', NULL)
INSERT [dbo].[Cities] ([CityId], [CityName], [Latitude], [Longitude], [CountryId], [Population]) VALUES (988, N'Blumenau', -26.93, -49.05, N'BRA', NULL)
INSERT [dbo].[Cities] ([CityId], [CityName], [Latitude], [Longitude], [CountryId], [Population]) VALUES (989, N'Bismarck', 46.82, -100.71, N'USA', NULL)
INSERT [dbo].[Cities] ([CityId], [CityName], [Latitude], [Longitude], [CountryId], [Population]) VALUES (990, N'Prigonrieux', 44.85, 0.4, N'FRA', NULL)
INSERT [dbo].[Cities] ([CityId], [CityName], [Latitude], [Longitude], [CountryId], [Population]) VALUES (991, N'Bédée', 48.18, -1.95, N'FRA', NULL)
INSERT [dbo].[Cities] ([CityId], [CityName], [Latitude], [Longitude], [CountryId], [Population]) VALUES (992, N'Clermont-ferrand', 45.78, 3.08, N'FRA', NULL)
INSERT [dbo].[Cities] ([CityId], [CityName], [Latitude], [Longitude], [CountryId], [Population]) VALUES (993, N'Lincoln', 40.83, -96.67, N'USA', NULL)
INSERT [dbo].[Cities] ([CityId], [CityName], [Latitude], [Longitude], [CountryId], [Population]) VALUES (994, N'Woonsocket', 44.05, -98.3, N'USA', NULL)
INSERT [dbo].[Cities] ([CityId], [CityName], [Latitude], [Longitude], [CountryId], [Population]) VALUES (995, N'Guérande', 47.33, -2.43, N'FRA', NULL)
INSERT [dbo].[Cities] ([CityId], [CityName], [Latitude], [Longitude], [CountryId], [Population]) VALUES (996, N'Curitiba', -25.42, -49.25, N'BRA', NULL)
INSERT [dbo].[Cities] ([CityId], [CityName], [Latitude], [Longitude], [CountryId], [Population]) VALUES (997, N'Recife', -8.05, -34.9, N'BRA', NULL)
INSERT [dbo].[Cities] ([CityId], [CityName], [Latitude], [Longitude], [CountryId], [Population]) VALUES (998, N'Auxerre', 47.8, 3.57, N'FRA', NULL)
INSERT [dbo].[Cities] ([CityId], [CityName], [Latitude], [Longitude], [CountryId], [Population]) VALUES (999, N'Jaboatão', -8.12, -35.02, N'BRA', NULL)
INSERT [dbo].[Cities] ([CityId], [CityName], [Latitude], [Longitude], [CountryId], [Population]) VALUES (1000, N'Omaha', 41.29, -96.17, N'USA', NULL)
INSERT [dbo].[Cities] ([CityId], [CityName], [Latitude], [Longitude], [CountryId], [Population]) VALUES (1001, N'Cariacica', -20.27, -40.42, N'BRA', NULL)
INSERT [dbo].[Cities] ([CityId], [CityName], [Latitude], [Longitude], [CountryId], [Population]) VALUES (1002, N'Anshan', 41.12, 122.99, N'CHN', NULL)
INSERT [dbo].[Cities] ([CityId], [CityName], [Latitude], [Longitude], [CountryId], [Population]) VALUES (1003, N'Metz', 49.13, 6.17, N'FRA', NULL)
INSERT [dbo].[Cities] ([CityId], [CityName], [Latitude], [Longitude], [CountryId], [Population]) VALUES (1004, N'Belém', -1.45, -48.48, N'BRA', NULL)
INSERT [dbo].[Cities] ([CityId], [CityName], [Latitude], [Longitude], [CountryId], [Population]) VALUES (1005, N'Zaozhuang', 34.86, 117.55, N'CHN', NULL)
INSERT [dbo].[Cities] ([CityId], [CityName], [Latitude], [Longitude], [CountryId], [Population]) VALUES (1006, N'Kalispell', 48.2, -114.39, N'USA', NULL)
INSERT [dbo].[Cities] ([CityId], [CityName], [Latitude], [Longitude], [CountryId], [Population]) VALUES (1007, N'Beatrice', 40.26, -96.71, N'USA', NULL)
INSERT [dbo].[Cities] ([CityId], [CityName], [Latitude], [Longitude], [CountryId], [Population]) VALUES (1008, N'Jackson', 43.46, -110.51, N'USA', NULL)
INSERT [dbo].[Cities] ([CityId], [CityName], [Latitude], [Longitude], [CountryId], [Population]) VALUES (1009, N'Ferrisburg', 44.21, -73.22, N'USA', NULL)
INSERT [dbo].[Cities] ([CityId], [CityName], [Latitude], [Longitude], [CountryId], [Population]) VALUES (1010, N'Scott Depot', 38.45, -81.89, N'USA', NULL)
INSERT [dbo].[Cities] ([CityId], [CityName], [Latitude], [Longitude], [CountryId], [Population]) VALUES (1011, N'Westerly', 41.36, -71.8, N'USA', NULL)
INSERT [dbo].[Cities] ([CityId], [CityName], [Latitude], [Longitude], [CountryId], [Population]) VALUES (1012, N'Goiânia', -16.67, -49.27, N'BRA', NULL)
INSERT [dbo].[Cities] ([CityId], [CityName], [Latitude], [Longitude], [CountryId], [Population]) VALUES (1013, N'Jalandhar', 31.33, 75.58, N'IND', NULL)
INSERT [dbo].[Cities] ([CityId], [CityName], [Latitude], [Longitude], [CountryId], [Population]) VALUES (1014, N'Mulhouse', 47.75, 7.33, N'FRA', NULL)
INSERT [dbo].[Cities] ([CityId], [CityName], [Latitude], [Longitude], [CountryId], [Population]) VALUES (1015, N'Jilin', 43.85, 126.56, N'CHN', NULL)
INSERT [dbo].[Cities] ([CityId], [CityName], [Latitude], [Longitude], [CountryId], [Population]) VALUES (1016, N'Valdoie', 47.67, 6.85, N'FRA', NULL)
INSERT [dbo].[Cities] ([CityId], [CityName], [Latitude], [Longitude], [CountryId], [Population]) VALUES (1017, N'Shimla', 31.1, 77.17, N'IND', NULL)
INSERT [dbo].[Cities] ([CityId], [CityName], [Latitude], [Longitude], [CountryId], [Population]) VALUES (1018, N'Nagar', 27.43, 77.1, N'IND', NULL)
INSERT [dbo].[Cities] ([CityId], [CityName], [Latitude], [Longitude], [CountryId], [Population]) VALUES (1019, N'Aracaju', -10.92, -37.07, N'BRA', NULL)
INSERT [dbo].[Cities] ([CityId], [CityName], [Latitude], [Longitude], [CountryId], [Population]) VALUES (1020, N'Itaboraí', -22.75, -42.87, N'BRA', NULL)
INSERT [dbo].[Cities] ([CityId], [CityName], [Latitude], [Longitude], [CountryId], [Population]) VALUES (1021, N'Guipavas', 48.43, -4.4, N'FRA', NULL)
INSERT [dbo].[Cities] ([CityId], [CityName], [Latitude], [Longitude], [CountryId], [Population]) VALUES (1022, N'Daman', 20.42, 72.85, N'IND', NULL)
INSERT [dbo].[Cities] ([CityId], [CityName], [Latitude], [Longitude], [CountryId], [Population]) VALUES (1023, N'Camden Wyoming', 39.08, -75.61, N'USA', NULL)
INSERT [dbo].[Cities] ([CityId], [CityName], [Latitude], [Longitude], [CountryId], [Population]) VALUES (1024, N'Nantes', 47.22, -1.55, N'FRA', NULL)
INSERT [dbo].[Cities] ([CityId], [CityName], [Latitude], [Longitude], [CountryId], [Population]) VALUES (1025, N'Eagle River', 61.21, -149.26, N'USA', NULL)
INSERT [dbo].[Cities] ([CityId], [CityName], [Latitude], [Longitude], [CountryId], [Population]) VALUES (1026, N'Montreuil-bellay', 47.13, -0.15, N'FRA', NULL)
INSERT [dbo].[Cities] ([CityId], [CityName], [Latitude], [Longitude], [CountryId], [Population]) VALUES (1027, N'Juziers', 49, 1.85, N'FRA', NULL)
INSERT [dbo].[Cities] ([CityId], [CityName], [Latitude], [Longitude], [CountryId], [Population]) VALUES (1028, N'Flers', 48.75, -0.57, N'FRA', NULL)
INSERT [dbo].[Cities] ([CityId], [CityName], [Latitude], [Longitude], [CountryId], [Population]) VALUES (1029, N'Raipur', 21.23, 81.63, N'IND', NULL)
INSERT [dbo].[Cities] ([CityId], [CityName], [Latitude], [Longitude], [CountryId], [Population]) VALUES (1030, N'Viamão', -30.08, -51.03, N'BRA', NULL)
INSERT [dbo].[Cities] ([CityId], [CityName], [Latitude], [Longitude], [CountryId], [Population]) VALUES (1031, N'Saint-pierre-du-palais', 45.17, -0.15, N'FRA', NULL)
INSERT [dbo].[Cities] ([CityId], [CityName], [Latitude], [Longitude], [CountryId], [Population]) VALUES (1032, N'Chalon-sur-saône', 46.78, 4.85, N'FRA', NULL)
INSERT [dbo].[Cities] ([CityId], [CityName], [Latitude], [Longitude], [CountryId], [Population]) VALUES (1033, N'Hebei', 39.82, 115.94, N'CHN', NULL)
GO
INSERT [dbo].[Cities] ([CityId], [CityName], [Latitude], [Longitude], [CountryId], [Population]) VALUES (1034, N'Woonsocket', 42, -71.49, N'USA', NULL)
INSERT [dbo].[Cities] ([CityId], [CityName], [Latitude], [Longitude], [CountryId], [Population]) VALUES (1035, N'Rouen', 49.43, 1.08, N'FRA', NULL)
INSERT [dbo].[Cities] ([CityId], [CityName], [Latitude], [Longitude], [CountryId], [Population]) VALUES (1036, N'Gillette', 43.9, -105.55, N'USA', NULL)
INSERT [dbo].[Cities] ([CityId], [CityName], [Latitude], [Longitude], [CountryId], [Population]) VALUES (1037, N'Rai', 48.75, 0.58, N'FRA', NULL)
INSERT [dbo].[Cities] ([CityId], [CityName], [Latitude], [Longitude], [CountryId], [Population]) VALUES (1038, N'Ponta Porã', -22.53, -55.72, N'BRA', NULL)
INSERT [dbo].[Cities] ([CityId], [CityName], [Latitude], [Longitude], [CountryId], [Population]) VALUES (1039, N'Bellême', 48.37, 0.57, N'FRA', NULL)
INSERT [dbo].[Cities] ([CityId], [CityName], [Latitude], [Longitude], [CountryId], [Population]) VALUES (1040, N'Le Havre', 49.5, 0.13, N'FRA', NULL)
INSERT [dbo].[Cities] ([CityId], [CityName], [Latitude], [Longitude], [CountryId], [Population]) VALUES (1041, N'Beawar', 26.1, 74.32, N'IND', NULL)
INSERT [dbo].[Cities] ([CityId], [CityName], [Latitude], [Longitude], [CountryId], [Population]) VALUES (1042, N'Hombourg-haut', 49.13, 6.77, N'FRA', NULL)
INSERT [dbo].[Cities] ([CityId], [CityName], [Latitude], [Longitude], [CountryId], [Population]) VALUES (1043, N'Dijon', 47.32, 5.02, N'FRA', NULL)
INSERT [dbo].[Cities] ([CityId], [CityName], [Latitude], [Longitude], [CountryId], [Population]) VALUES (1044, N'Lamarche-sur-saône', 47.27, 5.38, N'FRA', NULL)
INSERT [dbo].[Cities] ([CityId], [CityName], [Latitude], [Longitude], [CountryId], [Population]) VALUES (1045, N'Gulbarga', 17.33, 76.83, N'IND', NULL)
INSERT [dbo].[Cities] ([CityId], [CityName], [Latitude], [Longitude], [CountryId], [Population]) VALUES (1046, N'Lajeado', -29.45, -51.97, N'BRA', NULL)
INSERT [dbo].[Cities] ([CityId], [CityName], [Latitude], [Longitude], [CountryId], [Population]) VALUES (1047, N'Livingston', 45.71, -110.54, N'USA', NULL)
INSERT [dbo].[Cities] ([CityId], [CityName], [Latitude], [Longitude], [CountryId], [Population]) VALUES (1048, N'Seward', 60.06, -149.34, N'USA', NULL)
INSERT [dbo].[Cities] ([CityId], [CityName], [Latitude], [Longitude], [CountryId], [Population]) VALUES (1049, N'Providence', 41.83, -71.4, N'USA', NULL)
INSERT [dbo].[Cities] ([CityId], [CityName], [Latitude], [Longitude], [CountryId], [Population]) VALUES (1050, N'Caruaru', -8.28, -35.97, N'BRA', NULL)
INSERT [dbo].[Cities] ([CityId], [CityName], [Latitude], [Longitude], [CountryId], [Population]) VALUES (1051, N'Castelo', -20.6, -41.2, N'BRA', NULL)
INSERT [dbo].[Cities] ([CityId], [CityName], [Latitude], [Longitude], [CountryId], [Population]) VALUES (1052, N'Ychoux', 44.33, -0.95, N'FRA', NULL)
INSERT [dbo].[Cities] ([CityId], [CityName], [Latitude], [Longitude], [CountryId], [Population]) VALUES (1053, N'Marsac', 45.05, -0.68, N'FRA', NULL)
INSERT [dbo].[Cities] ([CityId], [CityName], [Latitude], [Longitude], [CountryId], [Population]) VALUES (1054, N'Juneau', 58.58, -134.77, N'USA', NULL)
INSERT [dbo].[Cities] ([CityId], [CityName], [Latitude], [Longitude], [CountryId], [Population]) VALUES (1055, N'Paranoá', -15.83, -47.82, N'BRA', NULL)
INSERT [dbo].[Cities] ([CityId], [CityName], [Latitude], [Longitude], [CountryId], [Population]) VALUES (1056, N'Perpezac-le-noir', 45.32, 1.55, N'FRA', NULL)
INSERT [dbo].[Cities] ([CityId], [CityName], [Latitude], [Longitude], [CountryId], [Population]) VALUES (1057, N'Issoire', 45.55, 3.25, N'FRA', NULL)
INSERT [dbo].[Cities] ([CityId], [CityName], [Latitude], [Longitude], [CountryId], [Population]) VALUES (1058, N'Thouars', 46.97, -0.22, N'FRA', NULL)
INSERT [dbo].[Cities] ([CityId], [CityName], [Latitude], [Longitude], [CountryId], [Population]) VALUES (1059, N'Kunming', 25.04, 102.72, N'CHN', NULL)
INSERT [dbo].[Cities] ([CityId], [CityName], [Latitude], [Longitude], [CountryId], [Population]) VALUES (1060, N'Beihai', 21.48, 109.1, N'CHN', NULL)
INSERT [dbo].[Cities] ([CityId], [CityName], [Latitude], [Longitude], [CountryId], [Population]) VALUES (1061, N'Fairbanks', 64.82, -147.72, N'USA', NULL)
INSERT [dbo].[Cities] ([CityId], [CityName], [Latitude], [Longitude], [CountryId], [Population]) VALUES (1062, N'Saint-julien-l''ars', 46.55, 0.5, N'FRA', NULL)
INSERT [dbo].[Cities] ([CityId], [CityName], [Latitude], [Longitude], [CountryId], [Population]) VALUES (1063, N'Wuxi', 31.58, 120.29, N'CHN', NULL)
INSERT [dbo].[Cities] ([CityId], [CityName], [Latitude], [Longitude], [CountryId], [Population]) VALUES (1064, N'Dehra Dun', 30.32, 78.03, N'IND', NULL)
INSERT [dbo].[Cities] ([CityId], [CityName], [Latitude], [Longitude], [CountryId], [Population]) VALUES (1065, N'Shillong', 25.58, 91.87, N'IND', NULL)
INSERT [dbo].[Cities] ([CityId], [CityName], [Latitude], [Longitude], [CountryId], [Population]) VALUES (1066, N'Chambre', 45.2, 2.37, N'FRA', NULL)
INSERT [dbo].[Cities] ([CityId], [CityName], [Latitude], [Longitude], [CountryId], [Population]) VALUES (1067, N'Cachoeiro De Itapemirim', -20.85, -41.1, N'BRA', NULL)
INSERT [dbo].[Cities] ([CityId], [CityName], [Latitude], [Longitude], [CountryId], [Population]) VALUES (1068, N'Nanchang', 28.55, 115.93, N'CHN', NULL)
INSERT [dbo].[Cities] ([CityId], [CityName], [Latitude], [Longitude], [CountryId], [Population]) VALUES (1069, N'Londrina', -23.3, -51.15, N'BRA', NULL)
INSERT [dbo].[Cities] ([CityId], [CityName], [Latitude], [Longitude], [CountryId], [Population]) VALUES (1070, N'Lyndonville', 44.53, -72.05, N'USA', NULL)
INSERT [dbo].[Cities] ([CityId], [CityName], [Latitude], [Longitude], [CountryId], [Population]) VALUES (1071, N'Sibsagar', 26.98, 94.63, N'IND', NULL)
INSERT [dbo].[Cities] ([CityId], [CityName], [Latitude], [Longitude], [CountryId], [Population]) VALUES (1072, N'Barre', 44.18, -72.47, N'USA', NULL)
INSERT [dbo].[Cities] ([CityId], [CityName], [Latitude], [Longitude], [CountryId], [Population]) VALUES (1073, N'Natal', -5.78, -35.22, N'BRA', NULL)
INSERT [dbo].[Cities] ([CityId], [CityName], [Latitude], [Longitude], [CountryId], [Population]) VALUES (1074, N'Kumar', 33.03, 76.45, N'IND', NULL)
INSERT [dbo].[Cities] ([CityId], [CityName], [Latitude], [Longitude], [CountryId], [Population]) VALUES (1075, N'Contagem', -19.92, -44.1, N'BRA', NULL)
INSERT [dbo].[Cities] ([CityId], [CityName], [Latitude], [Longitude], [CountryId], [Population]) VALUES (1076, N'Cajàzeiras', -6.9, -38.57, N'BRA', NULL)
INSERT [dbo].[Cities] ([CityId], [CityName], [Latitude], [Longitude], [CountryId], [Population]) VALUES (1077, N'Simões', -7.6, -40.82, N'BRA', NULL)
INSERT [dbo].[Cities] ([CityId], [CityName], [Latitude], [Longitude], [CountryId], [Population]) VALUES (1078, N'Qinghai', 25.81, 106.07, N'CHN', NULL)
INSERT [dbo].[Cities] ([CityId], [CityName], [Latitude], [Longitude], [CountryId], [Population]) VALUES (1079, N'Shangdi', 26.13, 117.98, N'CHN', NULL)
INSERT [dbo].[Cities] ([CityId], [CityName], [Latitude], [Longitude], [CountryId], [Population]) VALUES (1080, N'Devils Lake', 48.14, -98.89, N'USA', NULL)
INSERT [dbo].[Cities] ([CityId], [CityName], [Latitude], [Longitude], [CountryId], [Population]) VALUES (1081, N'Lanzhou', 36.06, 103.79, N'CHN', NULL)
INSERT [dbo].[Cities] ([CityId], [CityName], [Latitude], [Longitude], [CountryId], [Population]) VALUES (1082, N'Jatni', 20.17, 85.7, N'IND', NULL)
INSERT [dbo].[Cities] ([CityId], [CityName], [Latitude], [Longitude], [CountryId], [Population]) VALUES (1083, N'Kundan', 33.8, 74.26, N'IND', NULL)
INSERT [dbo].[Cities] ([CityId], [CityName], [Latitude], [Longitude], [CountryId], [Population]) VALUES (1084, N'Hubei', 26.89, 114.53, N'CHN', NULL)
INSERT [dbo].[Cities] ([CityId], [CityName], [Latitude], [Longitude], [CountryId], [Population]) VALUES (1085, N'Jamshedpur', 22.8, 86.18, N'IND', NULL)
INSERT [dbo].[Cities] ([CityId], [CityName], [Latitude], [Longitude], [CountryId], [Population]) VALUES (1086, N'Teresina', -5.08, -42.82, N'BRA', NULL)
INSERT [dbo].[Cities] ([CityId], [CityName], [Latitude], [Longitude], [CountryId], [Population]) VALUES (1087, N'Colva', 15.27, 73.92, N'IND', NULL)
INSERT [dbo].[Cities] ([CityId], [CityName], [Latitude], [Longitude], [CountryId], [Population]) VALUES (1088, N'São Luís', -2.52, -44.27, N'BRA', NULL)
INSERT [dbo].[Cities] ([CityId], [CityName], [Latitude], [Longitude], [CountryId], [Population]) VALUES (1089, N'Itabira', -19.62, -43.22, N'BRA', NULL)
INSERT [dbo].[Cities] ([CityId], [CityName], [Latitude], [Longitude], [CountryId], [Population]) VALUES (1090, N'Shelburne', 44.4, -73.21, N'USA', NULL)
INSERT [dbo].[Cities] ([CityId], [CityName], [Latitude], [Longitude], [CountryId], [Population]) VALUES (1091, N'West Fargo', 46.89, -96.93, N'USA', NULL)
INSERT [dbo].[Cities] ([CityId], [CityName], [Latitude], [Longitude], [CountryId], [Population]) VALUES (1092, N'Fargo', 46.93, -96.83, N'USA', NULL)
INSERT [dbo].[Cities] ([CityId], [CityName], [Latitude], [Longitude], [CountryId], [Population]) VALUES (1093, N'União Da Victoria', -26.22, -51.08, N'BRA', NULL)
INSERT [dbo].[Cities] ([CityId], [CityName], [Latitude], [Longitude], [CountryId], [Population]) VALUES (1094, N'Pôrto Seguro', -16.43, -39.08, N'BRA', NULL)
INSERT [dbo].[Cities] ([CityId], [CityName], [Latitude], [Longitude], [CountryId], [Population]) VALUES (1095, N'Barpeta', 26.32, 91, N'IND', NULL)
INSERT [dbo].[Cities] ([CityId], [CityName], [Latitude], [Longitude], [CountryId], [Population]) VALUES (1096, N'Solon', 30.92, 77.12, N'IND', NULL)
INSERT [dbo].[Cities] ([CityId], [CityName], [Latitude], [Longitude], [CountryId], [Population]) VALUES (1097, N'Haldwani', 29.22, 79.52, N'IND', NULL)
INSERT [dbo].[Cities] ([CityId], [CityName], [Latitude], [Longitude], [CountryId], [Population]) VALUES (1098, N'Campina Grande', -7.22, -35.88, N'BRA', NULL)
INSERT [dbo].[Cities] ([CityId], [CityName], [Latitude], [Longitude], [CountryId], [Population]) VALUES (1099, N'João Pessoa', -7.12, -34.87, N'BRA', NULL)
INSERT [dbo].[Cities] ([CityId], [CityName], [Latitude], [Longitude], [CountryId], [Population]) VALUES (1100, N'Campo Grande', -20.45, -54.62, N'BRA', NULL)
INSERT [dbo].[Cities] ([CityId], [CityName], [Latitude], [Longitude], [CountryId], [Population]) VALUES (1101, N'Jiaozuo', 35.24, 113.23, N'CHN', NULL)
INSERT [dbo].[Cities] ([CityId], [CityName], [Latitude], [Longitude], [CountryId], [Population]) VALUES (1102, N'Tongzhou', 39.91, 116.6, N'CHN', NULL)
INSERT [dbo].[Cities] ([CityId], [CityName], [Latitude], [Longitude], [CountryId], [Population]) VALUES (1103, N'Udhampur', 32.93, 75.13, N'IND', NULL)
INSERT [dbo].[Cities] ([CityId], [CityName], [Latitude], [Longitude], [CountryId], [Population]) VALUES (1104, N'Panaji', 15.48, 73.83, N'IND', NULL)
INSERT [dbo].[Cities] ([CityId], [CityName], [Latitude], [Longitude], [CountryId], [Population]) VALUES (1105, N'Muzaffarpur', 26.12, 85.4, N'IND', NULL)
INSERT [dbo].[Cities] ([CityId], [CityName], [Latitude], [Longitude], [CountryId], [Population]) VALUES (1106, N'Rondonópolis', -16.47, -54.63, N'BRA', NULL)
INSERT [dbo].[Cities] ([CityId], [CityName], [Latitude], [Longitude], [CountryId], [Population]) VALUES (1107, N'Ajaccio', 41.92, 8.73, N'FRA', NULL)
INSERT [dbo].[Cities] ([CityId], [CityName], [Latitude], [Longitude], [CountryId], [Population]) VALUES (1108, N'Itanagar', 27.1, 93.62, N'IND', NULL)
INSERT [dbo].[Cities] ([CityId], [CityName], [Latitude], [Longitude], [CountryId], [Population]) VALUES (1109, N'Begusarai', 25.42, 86.13, N'IND', NULL)
INSERT [dbo].[Cities] ([CityId], [CityName], [Latitude], [Longitude], [CountryId], [Population]) VALUES (1110, N'Jaypur', 18.85, 82.58, N'IND', NULL)
INSERT [dbo].[Cities] ([CityId], [CityName], [Latitude], [Longitude], [CountryId], [Population]) VALUES (1111, N'Crato', -7.23, -39.38, N'BRA', NULL)
INSERT [dbo].[Cities] ([CityId], [CityName], [Latitude], [Longitude], [CountryId], [Population]) VALUES (1112, N'Guarabira', -6.85, -35.48, N'BRA', NULL)
INSERT [dbo].[Cities] ([CityId], [CityName], [Latitude], [Longitude], [CountryId], [Population]) VALUES (1113, N'Biguglia', 42.62, 9.42, N'FRA', NULL)
INSERT [dbo].[Cities] ([CityId], [CityName], [Latitude], [Longitude], [CountryId], [Population]) VALUES (1114, N'Tabuleiro Do Norte', -5.25, -38.12, N'BRA', NULL)
INSERT [dbo].[Cities] ([CityId], [CityName], [Latitude], [Longitude], [CountryId], [Population]) VALUES (1115, N'Jiujiang', 29.62, 115.88, N'CHN', NULL)
INSERT [dbo].[Cities] ([CityId], [CityName], [Latitude], [Longitude], [CountryId], [Population]) VALUES (1116, N'Madgaon', 15.3, 73.95, N'IND', NULL)
INSERT [dbo].[Cities] ([CityId], [CityName], [Latitude], [Longitude], [CountryId], [Population]) VALUES (1117, N'Maceió', -9.67, -35.72, N'BRA', NULL)
INSERT [dbo].[Cities] ([CityId], [CityName], [Latitude], [Longitude], [CountryId], [Population]) VALUES (1118, N'Bhilai', 21.22, 81.43, N'IND', NULL)
INSERT [dbo].[Cities] ([CityId], [CityName], [Latitude], [Longitude], [CountryId], [Population]) VALUES (1119, N'Rishikesh', 30.12, 78.32, N'IND', NULL)
INSERT [dbo].[Cities] ([CityId], [CityName], [Latitude], [Longitude], [CountryId], [Population]) VALUES (1120, N'Haridwar', 29.97, 78.17, N'IND', NULL)
INSERT [dbo].[Cities] ([CityId], [CityName], [Latitude], [Longitude], [CountryId], [Population]) VALUES (1121, N'Murici', -9.32, -35.93, N'BRA', NULL)
INSERT [dbo].[Cities] ([CityId], [CityName], [Latitude], [Longitude], [CountryId], [Population]) VALUES (1122, N'Pondicherry', 11.93, 79.83, N'IND', NULL)
INSERT [dbo].[Cities] ([CityId], [CityName], [Latitude], [Longitude], [CountryId], [Population]) VALUES (1123, N'Anápolis', -16.33, -48.97, N'BRA', NULL)
INSERT [dbo].[Cities] ([CityId], [CityName], [Latitude], [Longitude], [CountryId], [Population]) VALUES (1124, N'Lichuan', 30.3, 108.85, N'CHN', NULL)
INSERT [dbo].[Cities] ([CityId], [CityName], [Latitude], [Longitude], [CountryId], [Population]) VALUES (1125, N'Juazeiro Do Norte', -7.2, -39.33, N'BRA', NULL)
INSERT [dbo].[Cities] ([CityId], [CityName], [Latitude], [Longitude], [CountryId], [Population]) VALUES (1126, N'Furiani', 42.65, 9.42, N'FRA', NULL)
INSERT [dbo].[Cities] ([CityId], [CityName], [Latitude], [Longitude], [CountryId], [Population]) VALUES (1127, N'Macau', -5.12, -36.63, N'BRA', NULL)
INSERT [dbo].[Cities] ([CityId], [CityName], [Latitude], [Longitude], [CountryId], [Population]) VALUES (1128, N'Xianyang', 34.34, 108.71, N'CHN', NULL)
INSERT [dbo].[Cities] ([CityId], [CityName], [Latitude], [Longitude], [CountryId], [Population]) VALUES (1129, N'Hunyuan', 39.7, 113.68, N'CHN', NULL)
INSERT [dbo].[Cities] ([CityId], [CityName], [Latitude], [Longitude], [CountryId], [Population]) VALUES (1130, N'Speloncato', 42.57, 8.97, N'FRA', NULL)
INSERT [dbo].[Cities] ([CityId], [CityName], [Latitude], [Longitude], [CountryId], [Population]) VALUES (1131, N'Imphal', 24.82, 93.95, N'IND', NULL)
INSERT [dbo].[Cities] ([CityId], [CityName], [Latitude], [Longitude], [CountryId], [Population]) VALUES (1132, N'Jammu', 32.73, 74.87, N'IND', NULL)
INSERT [dbo].[Cities] ([CityId], [CityName], [Latitude], [Longitude], [CountryId], [Population]) VALUES (1133, N'Salvador', -10.17, -48.87, N'BRA', NULL)
GO
INSERT [dbo].[Cities] ([CityId], [CityName], [Latitude], [Longitude], [CountryId], [Population]) VALUES (1134, N'Ananindeua', -1.37, -48.38, N'BRA', NULL)
INSERT [dbo].[Cities] ([CityId], [CityName], [Latitude], [Longitude], [CountryId], [Population]) VALUES (1135, N'Fengtai', 39.85, 116.27, N'CHN', NULL)
INSERT [dbo].[Cities] ([CityId], [CityName], [Latitude], [Longitude], [CountryId], [Population]) VALUES (1136, N'Hengyang', 26.89, 112.61, N'CHN', NULL)
INSERT [dbo].[Cities] ([CityId], [CityName], [Latitude], [Longitude], [CountryId], [Population]) VALUES (1137, N'Ujjain', 23.18, 75.77, N'IND', NULL)
INSERT [dbo].[Cities] ([CityId], [CityName], [Latitude], [Longitude], [CountryId], [Population]) VALUES (1138, N'Dhanbad', 23.8, 86.45, N'IND', NULL)
INSERT [dbo].[Cities] ([CityId], [CityName], [Latitude], [Longitude], [CountryId], [Population]) VALUES (1139, N'Itabuna', -14.8, -39.27, N'BRA', NULL)
INSERT [dbo].[Cities] ([CityId], [CityName], [Latitude], [Longitude], [CountryId], [Population]) VALUES (1140, N'Nossa Senhora Do Socorro', -10.87, -37.12, N'BRA', NULL)
INSERT [dbo].[Cities] ([CityId], [CityName], [Latitude], [Longitude], [CountryId], [Population]) VALUES (1141, N'Bonfim', 3.08, -59.95, N'BRA', NULL)
INSERT [dbo].[Cities] ([CityId], [CityName], [Latitude], [Longitude], [CountryId], [Population]) VALUES (1142, N'Yalongwan', 18.23, 109.7, N'CHN', NULL)
INSERT [dbo].[Cities] ([CityId], [CityName], [Latitude], [Longitude], [CountryId], [Population]) VALUES (1143, N'Luziânia', -16.25, -47.93, N'BRA', NULL)
INSERT [dbo].[Cities] ([CityId], [CityName], [Latitude], [Longitude], [CountryId], [Population]) VALUES (1144, N'Ji-paraná', -10.83, -61.97, N'BRA', NULL)
INSERT [dbo].[Cities] ([CityId], [CityName], [Latitude], [Longitude], [CountryId], [Population]) VALUES (1145, N'Bokaro', 23.78, 85.97, N'IND', NULL)
INSERT [dbo].[Cities] ([CityId], [CityName], [Latitude], [Longitude], [CountryId], [Population]) VALUES (1146, N'Liaohe', 43.73, 122.3, N'CHN', NULL)
INSERT [dbo].[Cities] ([CityId], [CityName], [Latitude], [Longitude], [CountryId], [Population]) VALUES (1147, N'Lhasa', 29.65, 91.1, N'CHN', NULL)
INSERT [dbo].[Cities] ([CityId], [CityName], [Latitude], [Longitude], [CountryId], [Population]) VALUES (1148, N'Yuzhou', 34.16, 113.46, N'CHN', NULL)
INSERT [dbo].[Cities] ([CityId], [CityName], [Latitude], [Longitude], [CountryId], [Population]) VALUES (1149, N'Yinchuan', 38.47, 106.27, N'CHN', NULL)
INSERT [dbo].[Cities] ([CityId], [CityName], [Latitude], [Longitude], [CountryId], [Population]) VALUES (1150, N'Tongji', 31.18, 103.5, N'CHN', NULL)
INSERT [dbo].[Cities] ([CityId], [CityName], [Latitude], [Longitude], [CountryId], [Population]) VALUES (1151, N'Jingzhou', 30.35, 112.19, N'CHN', NULL)
INSERT [dbo].[Cities] ([CityId], [CityName], [Latitude], [Longitude], [CountryId], [Population]) VALUES (1152, N'Camaçari', -12.48, -38.22, N'BRA', NULL)
INSERT [dbo].[Cities] ([CityId], [CityName], [Latitude], [Longitude], [CountryId], [Population]) VALUES (1153, N'Enshi', 30.3, 109.48, N'CHN', NULL)
INSERT [dbo].[Cities] ([CityId], [CityName], [Latitude], [Longitude], [CountryId], [Population]) VALUES (1154, N'Kaitai', 26.23, 109.13, N'CHN', NULL)
INSERT [dbo].[Cities] ([CityId], [CityName], [Latitude], [Longitude], [CountryId], [Population]) VALUES (1155, N'Ürümqi', 43.8, 87.58, N'CHN', NULL)
INSERT [dbo].[Cities] ([CityId], [CityName], [Latitude], [Longitude], [CountryId], [Population]) VALUES (1156, N'Delhi Sabzimandi', 28.68, 77.2, N'IND', NULL)
INSERT [dbo].[Cities] ([CityId], [CityName], [Latitude], [Longitude], [CountryId], [Population]) VALUES (1157, N'Huangzhong', 36.5, 101.6, N'CHN', NULL)
INSERT [dbo].[Cities] ([CityId], [CityName], [Latitude], [Longitude], [CountryId], [Population]) VALUES (1158, N'Liaoyüan', 43.51, 123.51, N'CHN', NULL)
INSERT [dbo].[Cities] ([CityId], [CityName], [Latitude], [Longitude], [CountryId], [Population]) VALUES (1159, N'Yünnan', 25.48, 100.58, N'CHN', NULL)
INSERT [dbo].[Cities] ([CityId], [CityName], [Latitude], [Longitude], [CountryId], [Population]) VALUES (1160, N'Brazlândia', -15.68, -48.2, N'BRA', NULL)
INSERT [dbo].[Cities] ([CityId], [CityName], [Latitude], [Longitude], [CountryId], [Population]) VALUES (1161, N'Samastipur', 25.85, 85.78, N'IND', NULL)
INSERT [dbo].[Cities] ([CityId], [CityName], [Latitude], [Longitude], [CountryId], [Population]) VALUES (1162, N'Fortaleza', -5.98, -48.13, N'BRA', NULL)
INSERT [dbo].[Cities] ([CityId], [CityName], [Latitude], [Longitude], [CountryId], [Population]) VALUES (1163, N'Baotou', 18.33, 109.53, N'CHN', NULL)
INSERT [dbo].[Cities] ([CityId], [CityName], [Latitude], [Longitude], [CountryId], [Population]) VALUES (1164, N'Nanping', 29.09, 106.99, N'CHN', NULL)
INSERT [dbo].[Cities] ([CityId], [CityName], [Latitude], [Longitude], [CountryId], [Population]) VALUES (1165, N'Jiahe', 25.55, 112.25, N'CHN', NULL)
INSERT [dbo].[Cities] ([CityId], [CityName], [Latitude], [Longitude], [CountryId], [Population]) VALUES (1166, N'Ning', 35.5, 107.92, N'CHN', NULL)
INSERT [dbo].[Cities] ([CityId], [CityName], [Latitude], [Longitude], [CountryId], [Population]) VALUES (1167, N'Mandi', 31.72, 76.92, N'IND', NULL)
INSERT [dbo].[Cities] ([CityId], [CityName], [Latitude], [Longitude], [CountryId], [Population]) VALUES (1168, N'Mudanjiang', 44.58, 129.6, N'CHN', NULL)
INSERT [dbo].[Cities] ([CityId], [CityName], [Latitude], [Longitude], [CountryId], [Population]) VALUES (1169, N'Chüan', 25.95, 111.07, N'CHN', NULL)
INSERT [dbo].[Cities] ([CityId], [CityName], [Latitude], [Longitude], [CountryId], [Population]) VALUES (1170, N'Baodi', 39.72, 117.3, N'CHN', NULL)
INSERT [dbo].[Cities] ([CityId], [CityName], [Latitude], [Longitude], [CountryId], [Population]) VALUES (1171, N'Aizawl', 23.72, 92.72, N'IND', NULL)
INSERT [dbo].[Cities] ([CityId], [CityName], [Latitude], [Longitude], [CountryId], [Population]) VALUES (1172, N'Srinagar', 34.09, 74.8, N'IND', NULL)
INSERT [dbo].[Cities] ([CityId], [CityName], [Latitude], [Longitude], [CountryId], [Population]) VALUES (1173, N'Kashi', 39.45, 75.98, N'CHN', NULL)
INSERT [dbo].[Cities] ([CityId], [CityName], [Latitude], [Longitude], [CountryId], [Population]) VALUES (1174, N'Japoatã', -10.33, -36.8, N'BRA', NULL)
INSERT [dbo].[Cities] ([CityId], [CityName], [Latitude], [Longitude], [CountryId], [Population]) VALUES (1175, N'Itumbiara', -18.42, -49.22, N'BRA', NULL)
INSERT [dbo].[Cities] ([CityId], [CityName], [Latitude], [Longitude], [CountryId], [Population]) VALUES (1176, N'Youyi', 46.78, 131.81, N'CHN', NULL)
INSERT [dbo].[Cities] ([CityId], [CityName], [Latitude], [Longitude], [CountryId], [Population]) VALUES (1177, N'Mianyang', 31.47, 104.77, N'CHN', NULL)
INSERT [dbo].[Cities] ([CityId], [CityName], [Latitude], [Longitude], [CountryId], [Population]) VALUES (1178, N'Longnan', 24.9, 114.78, N'CHN', NULL)
INSERT [dbo].[Cities] ([CityId], [CityName], [Latitude], [Longitude], [CountryId], [Population]) VALUES (1179, N'Shannan', 33.53, 110.87, N'CHN', NULL)
INSERT [dbo].[Cities] ([CityId], [CityName], [Latitude], [Longitude], [CountryId], [Population]) VALUES (1180, N'São Bernardo', -3.37, -42.4, N'BRA', NULL)
INSERT [dbo].[Cities] ([CityId], [CityName], [Latitude], [Longitude], [CountryId], [Population]) VALUES (1181, N'Fenghua', 43.3, 124.33, N'CHN', NULL)
INSERT [dbo].[Cities] ([CityId], [CityName], [Latitude], [Longitude], [CountryId], [Population]) VALUES (1182, N'Yongkang', 37.63, 112.59, N'CHN', NULL)
INSERT [dbo].[Cities] ([CityId], [CityName], [Latitude], [Longitude], [CountryId], [Population]) VALUES (1183, N'Tianheng', 22.49, 110.04, N'CHN', NULL)
INSERT [dbo].[Cities] ([CityId], [CityName], [Latitude], [Longitude], [CountryId], [Population]) VALUES (1184, N'Wuwei', 37.93, 102.64, N'CHN', NULL)
INSERT [dbo].[Cities] ([CityId], [CityName], [Latitude], [Longitude], [CountryId], [Population]) VALUES (1185, N'Palmas', -10.22, -48.28, N'BRA', NULL)
INSERT [dbo].[Cities] ([CityId], [CityName], [Latitude], [Longitude], [CountryId], [Population]) VALUES (1186, N'Baoding', 38.85, 115.49, N'CHN', NULL)
INSERT [dbo].[Cities] ([CityId], [CityName], [Latitude], [Longitude], [CountryId], [Population]) VALUES (1187, N'Tefé', -3.37, -64.7, N'BRA', NULL)
INSERT [dbo].[Cities] ([CityId], [CityName], [Latitude], [Longitude], [CountryId], [Population]) VALUES (1188, N'Xiangshan', 31.04, 105.19, N'CHN', NULL)
INSERT [dbo].[Cities] ([CityId], [CityName], [Latitude], [Longitude], [CountryId], [Population]) VALUES (1189, N'Haiyan', 36.89, 101, N'CHN', NULL)
INSERT [dbo].[Cities] ([CityId], [CityName], [Latitude], [Longitude], [CountryId], [Population]) VALUES (1190, N'Nova Olímpia', -14.82, -57.33, N'BRA', NULL)
INSERT [dbo].[Cities] ([CityId], [CityName], [Latitude], [Longitude], [CountryId], [Population]) VALUES (1191, N'Silvassa', 20.27, 73.02, N'IND', NULL)
INSERT [dbo].[Cities] ([CityId], [CityName], [Latitude], [Longitude], [CountryId], [Population]) VALUES (1192, N'Lasa', 29.65, 91.1, N'CHN', NULL)
INSERT [dbo].[Cities] ([CityId], [CityName], [Latitude], [Longitude], [CountryId], [Population]) VALUES (1193, N'Huhehot', 40.81, 111.65, N'CHN', NULL)
INSERT [dbo].[Cities] ([CityId], [CityName], [Latitude], [Longitude], [CountryId], [Population]) VALUES (1194, N'Karaikal', 10.92, 79.83, N'IND', NULL)
INSERT [dbo].[Cities] ([CityId], [CityName], [Latitude], [Longitude], [CountryId], [Population]) VALUES (1195, N'Korba', 22.35, 82.68, N'IND', NULL)
INSERT [dbo].[Cities] ([CityId], [CityName], [Latitude], [Longitude], [CountryId], [Population]) VALUES (1196, N'Santo Antônio', -6.3, -35.45, N'BRA', NULL)
INSERT [dbo].[Cities] ([CityId], [CityName], [Latitude], [Longitude], [CountryId], [Population]) VALUES (1197, N'Shizuishan', 39.04, 106.4, N'CHN', NULL)
INSERT [dbo].[Cities] ([CityId], [CityName], [Latitude], [Longitude], [CountryId], [Population]) VALUES (1198, N'Xining', 36.62, 101.77, N'CHN', NULL)
INSERT [dbo].[Cities] ([CityId], [CityName], [Latitude], [Longitude], [CountryId], [Population]) VALUES (1199, N'Xinyuan', 43.45, 83.15, N'CHN', NULL)
INSERT [dbo].[Cities] ([CityId], [CityName], [Latitude], [Longitude], [CountryId], [Population]) VALUES (1200, N'Fengxiang', 34.52, 107.39, N'CHN', NULL)
INSERT [dbo].[Cities] ([CityId], [CityName], [Latitude], [Longitude], [CountryId], [Population]) VALUES (1201, N'Hong', 27.57, 93.85, N'IND', NULL)
INSERT [dbo].[Cities] ([CityId], [CityName], [Latitude], [Longitude], [CountryId], [Population]) VALUES (1202, N'Gannan', 47.91, 123.5, N'CHN', NULL)
INSERT [dbo].[Cities] ([CityId], [CityName], [Latitude], [Longitude], [CountryId], [Population]) VALUES (1203, N'Dong', 28.5, 98.87, N'CHN', NULL)
INSERT [dbo].[Cities] ([CityId], [CityName], [Latitude], [Longitude], [CountryId], [Population]) VALUES (1204, N'Santa Isabel Do Pará', -1.27, -48.18, N'BRA', NULL)
INSERT [dbo].[Cities] ([CityId], [CityName], [Latitude], [Longitude], [CountryId], [Population]) VALUES (1205, N'Cuiabá', -15.58, -56.08, N'BRA', NULL)
INSERT [dbo].[Cities] ([CityId], [CityName], [Latitude], [Longitude], [CountryId], [Population]) VALUES (1206, N'Jiayuguan', 39.82, 98.3, N'CHN', NULL)
INSERT [dbo].[Cities] ([CityId], [CityName], [Latitude], [Longitude], [CountryId], [Population]) VALUES (1207, N'Parnaíba', -2.91, -41.77, N'BRA', NULL)
INSERT [dbo].[Cities] ([CityId], [CityName], [Latitude], [Longitude], [CountryId], [Population]) VALUES (1208, N'Pudong', 31.24, 121.5, N'CHN', NULL)
INSERT [dbo].[Cities] ([CityId], [CityName], [Latitude], [Longitude], [CountryId], [Population]) VALUES (1209, N'Agartala', 23.84, 91.28, N'IND', NULL)
INSERT [dbo].[Cities] ([CityId], [CityName], [Latitude], [Longitude], [CountryId], [Population]) VALUES (1210, N'São José De Ribamar', -2.55, -44.05, N'BRA', NULL)
INSERT [dbo].[Cities] ([CityId], [CityName], [Latitude], [Longitude], [CountryId], [Population]) VALUES (1211, N'Ceilândia', -15.82, -48.12, N'BRA', NULL)
INSERT [dbo].[Cities] ([CityId], [CityName], [Latitude], [Longitude], [CountryId], [Population]) VALUES (1212, N'Marechal Deodoro', -9.72, -35.9, N'BRA', NULL)
INSERT [dbo].[Cities] ([CityId], [CityName], [Latitude], [Longitude], [CountryId], [Population]) VALUES (1213, N'Kaiyuan', 23.71, 103.25, N'CHN', NULL)
INSERT [dbo].[Cities] ([CityId], [CityName], [Latitude], [Longitude], [CountryId], [Population]) VALUES (1214, N'Taiping', 29.9, 106.04, N'CHN', NULL)
INSERT [dbo].[Cities] ([CityId], [CityName], [Latitude], [Longitude], [CountryId], [Population]) VALUES (1215, N'Eldorado', -23.78, -54.32, N'BRA', NULL)
INSERT [dbo].[Cities] ([CityId], [CityName], [Latitude], [Longitude], [CountryId], [Population]) VALUES (1216, N'Wuma', 27.64, 106.25, N'CHN', NULL)
INSERT [dbo].[Cities] ([CityId], [CityName], [Latitude], [Longitude], [CountryId], [Population]) VALUES (1217, N'Pôrto Velho', -8.77, -63.9, N'BRA', NULL)
INSERT [dbo].[Cities] ([CityId], [CityName], [Latitude], [Longitude], [CountryId], [Population]) VALUES (1218, N'Jing', 44.65, 82.83, N'CHN', NULL)
INSERT [dbo].[Cities] ([CityId], [CityName], [Latitude], [Longitude], [CountryId], [Population]) VALUES (1219, N'Daan', 29.38, 106.01, N'CHN', NULL)
INSERT [dbo].[Cities] ([CityId], [CityName], [Latitude], [Longitude], [CountryId], [Population]) VALUES (1220, N'Huochezhan', 38.96, 106.47, N'CHN', NULL)
INSERT [dbo].[Cities] ([CityId], [CityName], [Latitude], [Longitude], [CountryId], [Population]) VALUES (1221, N'Zhangpu', 32.76, 118.79, N'CHN', NULL)
INSERT [dbo].[Cities] ([CityId], [CityName], [Latitude], [Longitude], [CountryId], [Population]) VALUES (1222, N'Shou', 32.57, 116.77, N'CHN', NULL)
INSERT [dbo].[Cities] ([CityId], [CityName], [Latitude], [Longitude], [CountryId], [Population]) VALUES (1223, N'Xiangyang', 29.93, 117.94, N'CHN', NULL)
INSERT [dbo].[Cities] ([CityId], [CityName], [Latitude], [Longitude], [CountryId], [Population]) VALUES (1224, N'Kecheng', 37.08, 97.69, N'CHN', NULL)
INSERT [dbo].[Cities] ([CityId], [CityName], [Latitude], [Longitude], [CountryId], [Population]) VALUES (1225, N'Lang', 29.05, 93.2, N'CHN', NULL)
INSERT [dbo].[Cities] ([CityId], [CityName], [Latitude], [Longitude], [CountryId], [Population]) VALUES (1226, N'Putuo', 31.24, 121.42, N'CHN', NULL)
INSERT [dbo].[Cities] ([CityId], [CityName], [Latitude], [Longitude], [CountryId], [Population]) VALUES (1227, N'Yuan', 31.53, 121.84, N'CHN', NULL)
INSERT [dbo].[Cities] ([CityId], [CityName], [Latitude], [Longitude], [CountryId], [Population]) VALUES (1228, N'Jianming', 39, 117.31, N'CHN', NULL)
INSERT [dbo].[Cities] ([CityId], [CityName], [Latitude], [Longitude], [CountryId], [Population]) VALUES (1229, N'Tanggu', 39.02, 117.65, N'CHN', NULL)
INSERT [dbo].[Cities] ([CityId], [CityName], [Latitude], [Longitude], [CountryId], [Population]) VALUES (1230, N'Tongliao', 43.61, 122.27, N'CHN', NULL)
INSERT [dbo].[Cities] ([CityId], [CityName], [Latitude], [Longitude], [CountryId], [Population]) VALUES (1231, N'Huibei', 38.98, 106.65, N'CHN', NULL)
INSERT [dbo].[Cities] ([CityId], [CityName], [Latitude], [Longitude], [CountryId], [Population]) VALUES (1232, N'Nima', 31.92, 87.88, N'CHN', NULL)
INSERT [dbo].[Cities] ([CityId], [CityName], [Latitude], [Longitude], [CountryId], [Population]) VALUES (1233, N'Lagarto', -10.9, -37.68, N'BRA', NULL)
GO
INSERT [dbo].[Cities] ([CityId], [CityName], [Latitude], [Longitude], [CountryId], [Population]) VALUES (1234, N'Rio Verde De Mato Grosso', -18.93, -54.87, N'BRA', NULL)
INSERT [dbo].[Cities] ([CityId], [CityName], [Latitude], [Longitude], [CountryId], [Population]) VALUES (1235, N'São Miguel Dos Campos', -9.78, -36.08, N'BRA', NULL)
INSERT [dbo].[Cities] ([CityId], [CityName], [Latitude], [Longitude], [CountryId], [Population]) VALUES (1236, N'São Paulo', -23.53, -46.62, N'BRA', NULL)
INSERT [dbo].[Cities] ([CityId], [CityName], [Latitude], [Longitude], [CountryId], [Population]) VALUES (1237, N'Mercês', -9.52, -68.7, N'BRA', NULL)
INSERT [dbo].[Cities] ([CityId], [CityName], [Latitude], [Longitude], [CountryId], [Population]) VALUES (1238, N'Cacoal', -11.5, -61.42, N'BRA', NULL)
INSERT [dbo].[Cities] ([CityId], [CityName], [Latitude], [Longitude], [CountryId], [Population]) VALUES (1239, N'Rio Branco', -9.97, -67.8, N'BRA', NULL)
INSERT [dbo].[Cities] ([CityId], [CityName], [Latitude], [Longitude], [CountryId], [Population]) VALUES (1240, N'Ariquemes', -9.93, -63.07, N'BRA', NULL)
INSERT [dbo].[Cities] ([CityId], [CityName], [Latitude], [Longitude], [CountryId], [Population]) VALUES (1241, N'Imperatriz', -5.53, -47.48, N'BRA', NULL)
INSERT [dbo].[Cities] ([CityId], [CityName], [Latitude], [Longitude], [CountryId], [Population]) VALUES (1242, N'Barra Do Garças', -15.88, -52.25, N'BRA', NULL)
INSERT [dbo].[Cities] ([CityId], [CityName], [Latitude], [Longitude], [CountryId], [Population]) VALUES (1243, N'Mossoró', -5.19, -37.34, N'BRA', NULL)
INSERT [dbo].[Cities] ([CityId], [CityName], [Latitude], [Longitude], [CountryId], [Population]) VALUES (1244, N'Macapá', 0.03, -51.05, N'BRA', NULL)
INSERT [dbo].[Cities] ([CityId], [CityName], [Latitude], [Longitude], [CountryId], [Population]) VALUES (1245, N'Pádua', -7.33, -62.92, N'BRA', NULL)
INSERT [dbo].[Cities] ([CityId], [CityName], [Latitude], [Longitude], [CountryId], [Population]) VALUES (1246, N'Caracaraí', 1.83, -61.13, N'BRA', NULL)
INSERT [dbo].[Cities] ([CityId], [CityName], [Latitude], [Longitude], [CountryId], [Population]) VALUES (1247, N'Boa Vista', 2.82, -60.67, N'BRA', NULL)
INSERT [dbo].[Cities] ([CityId], [CityName], [Latitude], [Longitude], [CountryId], [Population]) VALUES (1248, N'Araguaína', -7.16, -48.06, N'BRA', NULL)
INSERT [dbo].[Cities] ([CityId], [CityName], [Latitude], [Longitude], [CountryId], [Population]) VALUES (1249, N'Cocal', -3.47, -41.57, N'BRA', NULL)
INSERT [dbo].[Cities] ([CityId], [CityName], [Latitude], [Longitude], [CountryId], [Population]) VALUES (1250, N'Júlia', -1.62, -67.98, N'BRA', NULL)
INSERT [dbo].[Cities] ([CityId], [CityName], [Latitude], [Longitude], [CountryId], [Population]) VALUES (1251, N'Oiapoque', 3.83, -51.83, N'BRA', NULL)
INSERT [dbo].[Cities] ([CityId], [CityName], [Latitude], [Longitude], [CountryId], [Population]) VALUES (1252, N'Consolação', 3.93, -60.98, N'BRA', NULL)
INSERT [dbo].[Cities] ([CityId], [CityName], [Latitude], [Longitude], [CountryId], [Population]) VALUES (1253, N'Gangtok', 27.33, 88.62, N'IND', NULL)
INSERT [dbo].[Cities] ([CityId], [CityName], [Latitude], [Longitude], [CountryId], [Population]) VALUES (1254, N'Kohima', 25.67, 94.12, N'IND', NULL)
INSERT [dbo].[Cities] ([CityId], [CityName], [Latitude], [Longitude], [CountryId], [Population]) VALUES (1255, N'Minas Gerais', -8.97, -72.78, N'BRA', NULL)
INSERT [dbo].[Cities] ([CityId], [CityName], [Latitude], [Longitude], [CountryId], [Population]) VALUES (1256, N'Washington D.c', 38.9, -77.04, N'USA', NULL)
SET IDENTITY_INSERT [dbo].[Cities] OFF
SET IDENTITY_INSERT [dbo].[Continents] ON 

INSERT [dbo].[Continents] ([ContinentId], [ContinentName]) VALUES (1, N'South America')
INSERT [dbo].[Continents] ([ContinentId], [ContinentName]) VALUES (2, N'North America')
INSERT [dbo].[Continents] ([ContinentId], [ContinentName]) VALUES (3, N'Asia')
INSERT [dbo].[Continents] ([ContinentId], [ContinentName]) VALUES (4, N'Europe')
INSERT [dbo].[Continents] ([ContinentId], [ContinentName]) VALUES (5, N'Antarctica')
INSERT [dbo].[Continents] ([ContinentId], [ContinentName]) VALUES (6, N'Africa')
INSERT [dbo].[Continents] ([ContinentId], [ContinentName]) VALUES (7, N'Australia')
SET IDENTITY_INSERT [dbo].[Continents] OFF
INSERT [dbo].[Countries] ([CountryId], [CountryName], [Latitude], [Longitude], [SurfaceArea], [Population], [FlagImage], [ContinentId]) VALUES (N'ARG', N'Argentina', -34.36, -58.23, 2780400, 41660417, 0x89504E470D0A1A0A0000000D494844520000007D0000004E08060000000D6E192600000006624B474400FF00FF00FFA0BDA7930000064D49444154789CEDDB4F8C1B571DC0F1EF786C8FFF7BD7EBF57AC966BDBBD96CD83F69822A22514143D312F57FA1552BC181130748C92D807A800BBD202E3DB4855B241052151194B4A8892ADA286D286D49D412926DB2DBACBDFF1DC75EFF59CFACC71ECF70582528EA75378679EF737DB6F47EFAEA8D6734B272ECCF590749289E4E6F40BAF7647401C9E80292D10524A30B484617908C2E20195D4032BA80647401C9E80292D10524A30B484617908C2E20195D4032BA80647401C9E80292D10524A30B484617908C2E20195D4032BA8014C771E43F5C04234FBA8084896EB72D0096FE790A809933AF0030FF8F1377AD8BC0F5D1AD6603802B277E094069E66FE03898952500CA33EFDDB52E02D747CFBEFB2A4669899E9109F29F9D26353848E1EA19700C4CBD46286491FFEC343D2313143F3FC3CCD9573BBDE56DE7DAE87A2147EEC271061FF821B9B78F11D97980C2E59328E1419CFA7594D61AE5E9D3C4FAC7285C3E49FA6B2FB0F2D11FD97DF808B90BC7D10BB94E8FB06D5C79F7BE51CE13EC4E337FFE7738ED26B1A16F50FAF475BCDE182D4F0ACD57A73477052DECA56BFC0798AB1F80378416DF41ABE980EA63E8E0914E8FB16D5C79D2EBF9AB4C9F384A74C77E14DBA076E31DCCBA8E12FD2AB5DC0754173EA1B951452F15A8CCFC856AA986D5A8D132AA601BF4DDF73D2EFFE1472C5FFA6BA747D916AE3BE995857F11EA19C6DAA8B272FE65D4709276D3A4BA3A87AD2FD2342DF4E24D54D5064F10351022120F111938008A4A2C3DC2DACCBB641EFB0D5A6C00A33447D7E0FE4E8FB5A55C175D2FCC913DF71AAAC72439F114D51BEF61AE7D4EBBA57273F66386864D76ECB45014701C58B801C5F51D78FC098281363D7B9F45EBDEC3DAEC3BB46D8DE1875E249C1AE9F4585BCA55D1DB4D93E2CC87849243588D0646F624F9ABEFE3E0505BBCC6C4DE3AF16EFB4BDF2BAFC1EC177DA4271EA45698A77FEA20BDF7FF98A65146CF4F93DEF734284A0726DA1EDE4E6F602BA97E8D662D8B3E7F96567D99965EA56B708A5A214B38DA20DE65535875B05A0E819007B3E1A07814FAFAC167172866FF4D3C95E2D6F5BF539CFD8468FF28A18187B14C1D6F20D2E9F1B68CABA29BB502FE489A603C49B35EC1B1EAAC7CFA36CDEA32B180098A825177300C85940FD62B8007D25F8158B74A3B94424BEE259D99A4D968E30B7761DB0AEDA621A3FFAFBBFD83A545E2C406A630541BA5B100580CEDF6D06A3A544A901955D0029B9FB5ED16EBC5255A9643303180C71771D315FD2EAE8AAEFA43380E54E7CEA1DF9CC369B7F0065436D6CB6CD4DB773ED76880A13B0482A00536CB1A1B1A91FE11A2BD192A3367F047E2A8C1345A72122D96EAD448DBC255D1BD5A18B0E83B70047FA89B5B977ECFEA95F32432E3E4AF16A9AC15E84A4040039FDF2110DA0C5E2E79D0EB41947A9976639DF4E48384773D8FEAD7308A596CAB85C7EBEBEC705BC85577EF70F7235B62F43066F91A6BD3A7D00D15A75924195D617017771ED916E7BD2CE602A4C60EA0FA1DB4EE3DC4771DA238FD967C64FB7F515DBC4C303184595D64FEEC2F48ECF90EB57C16EC26FAF245D62B3AD6461D0513CBF2104AA609682A9EF04EE2FD23A85A8076FD16FDDF7A095F388151CAD235B8AFD3636D29D7450758BAF826A5E937D9F3D4CBE42F1D07DBC2ACAE60AC1BF8FD267A218BEDF80945BD349B1AC9A9A7D117CE11EEDF87A2A8C4761D62F5E29FE89DFA2EBDE3873A3DCE967365F4DB72E75F87760B9F0FCCF502B46AF8D3DFA476ED0D1A7A8BE4E8240D338ACF2E60B56AF47EFD28951B1750543F99833FB9F3E2C66D5CF9C205365FADA206C97CFB28C52F3E22F3C8AFA8572AA8E61C8989E7F0872368D13E620363AC57CAA41E788995F77F4BFFFDDFC75103E8859C2B8383CB4F3AC0ECD9D7E8CE8C60D68AA85A8CEACC5B0C3FF90AD74FFD9CBEFB9EC05A9BC6131BA36DD6E81E7D88E58FDF60F7E3C73ABDED6DE5DA937EDBEE475F2439FE18A5B969D2FB9F61A3E1C31F8A80122235F938B7E673A4F73F43293B4DA86780E1477EDAE92D6F3BD747BF6DEA855F0390187B188040D700280AC9F1C39BEBCF6FAE7BFD81CE6CF01E72FDE55DFA32614EBAF45FDE9F9DCC757A0FD23D264FBA80647401C9E80292D10524A30B484617908C2E20195D4032BA80647401C9E80292D10524A30B484617908C2E20195D4032BA80647401C9E80292D10524A30B484617908C2E20195D4032BA80FE03BD0D7436065973A40000000049454E44AE426082, 1)
INSERT [dbo].[Countries] ([CountryId], [CountryName], [Latitude], [Longitude], [SurfaceArea], [Population], [FlagImage], [ContinentId]) VALUES (N'AZE', N'Azerbaijan', 40, 49, 86600, 9356500, 0x89504E470D0A1A0A0000000D494844520000007D0000003F08020000004272501500000006624B474400FF00FF00FFA0BDA793000003F149444154789CEDD95F6C53551CC0F1DF3977B7BDBDB75B3746215220CB18B028285B3003E58F18062CFC732F43740221045F4CF0C17F5113C56489A80FFAA068888A7F922189908C041D4D48008D9085414C68063236424B4170EB6AB796DBDE7B7DB875DBC3686993F577C67E9FA7B393F3F0DB3777DDD91D832FCF0029388E3DC02445DD7150771CD41D0775C741DD7150771CD41D0775C741DD7150771CD41D0775C741DD7150771CD41D0775C741DD7150771CD41D07EB85C5D8334C4645D8033C2869DA14B569B56BFD32B96A262FF7987DD16477307EFCF7A19FFCC6AD7FB0A7CBD94478DE25EE796B47C99BDB79B16A6F18A13BFA9F7F59B121E656E5B9B3623FFE32D0F20DA40CDC3173227A77E6724E6D6D5137AFB4BF4C9CBE107977FFBDDF2E8265A54F70AE2C5FE45ABF2CB2F7803518471B34476277E7DCFBF33EF5B96700004C33F2CEFE817DDF8D141F8D31EDF9358387FD6098851D314F42DF67DCBB36A7A303F4BFFDC5C08707C78E0E009635D8DAEEA8990F00F2BCD9BC442BD48C7912B73B5395D2F777DB6BBD2310FDE8FB2CE73597DE7999AB8AD6DCA036AE1ADE1CDF29F3256E7775D30AE991A9F63AB2F7C07D9FF4FF695BEABD875A1C4B166A2F3668CD0DCE250BA7FB3F77D62D18FF49F321EEE77BF9C1F7DCDB37008039100B4E5B63E9C9CCE799E2F0F5B449DE329038982630A65FBC12AE6D2EC8B03913F77997E7CCB417C9404FD6E80020CDF02603D740E200009C0363C9AEDEE19F18D188DB9D4FF1D80BB33F9AF924531C659FECF15D3DAA3CFBE4E87D6DEB5A5F6F5BC9EB2F0117EEDB146EA061C6DD88BDE0E59ECC27AD84DEFFDA67A1AAC6C4C98ED1FB83ADEDA18A4DD18F7F0053B8CBA5B8DD533D217B21575730879CF5BC71F38EFC6865FAFE6E59605972758511BE3BAE43E64DDCEEF1B6D3F6827BDC4A7D5DD6F3DA0BEB860EFBC34B77262F5D8BB79F0D5535EA1D01D7DAA5E33C669EC4BDCF3055F15D3D6AFF62D43B02E1BA1D99AF924C7359F17B5C7194BCB12D753D1CFBF6587A53C89707D2AB30037B86FB48A6CC7F87D48DCB0140F279B9DB9538712EF379E7D34FA4BA83A9E0DF7A679795D0EDCD82CC9A3381BB03E8E7BB8A664D77D4560380F3A9C719E789539D631F654C6D5A9DF8F50F0030FBA2E9E80213BA3B0024FCE7E479B3E5C72A01405959ABAC5A9CEA0E1A376E8F9CE05C5951E3DEDD18FBBA0D1EE09A2F08713FDF473056FC4A53E9072FF3D2627B63F4FBF7A24A5FECAB23D14F5BB3BE4810CA44E80E000092B74CDD523FC6FF9B0E9D306EF7614F97B309D3FD21535471A4067B86C948DCBF9B1E6ED41D0775C741DD7150771CD41D0775C741DD7150771CD41D0775C741DD7150771CD41D0775C741DD7150771CD41D0775C741DD71FC07DAEE3379D105F8780000000049454E44AE426082, 3)
INSERT [dbo].[Countries] ([CountryId], [CountryName], [Latitude], [Longitude], [SurfaceArea], [Population], [FlagImage], [ContinentId]) VALUES (N'BRA', N'Brazil', -10, -55, 8547403, 170115000, 0x89504E470D0A1A0A0000000D494844520000007D000000580806000000D8E1F8A000000006624B474400FF00FF00FFA0BDA7930000103049444154789CED9D797C9355BAC7BF599BA66D9AAE94B474A185525ABA032DEA88F08171F0833A0C28AE830C0273F5AAA30C0E3877AE5701C505749C8B6C22AEAC2357181545D08F222D8B504AA1FB4A694B37BAA4699B66B97F54185068DFA449D336F9FEF726E73DEFF3E6F79EF39EE739CF3911B1699219174E85D8D106B8E87F5CA23B212ED19D1097E84E884B7427C425BA13E212DD097189EE84B84477429C56F46865BBA34D70184E277A90BC8B9DF1F9E44E3AC5CEF87C82E45D8E36A9DF711AD145C07C4D2D67D34F313BB00180D9810D9C4D3FC57C4D2D22C79AD7AF889C61C22552D9C18631C54CF16DBE6199438DDE2CCA8BA458A7E847CB1CC3906EE952919925A155644FCCEA51708029BECD644FCC6249681552D1D06E0743B6A5277AB5B139A68864559BC5E79E6CF160416E1459AD1E76B0CCF10CB996EE2E31F1525439C726645B253840B2AA8D6313B27929AA1C7789C9C6163A9E21D5D227FB34B321A69851CA0E9BD559A853B02837926F2F79DBAC4E4733245ABA5A6A60E3D8620EA69CB5A9E000A3941D1C4C39CBC6B1C5A8A5069BD6ED2806BDE8B3021BC849CF6281E6A2DDDC2E11B04073919CF42C66FDE4EE0D6606ADE81A373DBBE3F3D91D9F8FC64D3F64AF690F069DE822E0D160C7B6BACBBDCBA3C1F6EB5DECC9A01AC88D56B6B33EA684C93E3DFBDC57935FE9CB37A743399E3F9CBCF37E945D54D1D621A7452747A5D4E3A1D0133EAC8598D006C64757735B4205A3831B05D7FFED256F16E78EA440E76ECD2D39844121BA546466495815FF15715E900B55D7AC64CB97E378EF401C79E7FD2CBE5E6C583D0F4E3DCBFC5F9F21C05BD76BF976A398174B47F05AB9068379E0B7FD012F7A8A4ACBA6986212BD7AF7B9EB5BDC59B52D9D8D9F27A0EB94F5F9DA1E8A2E16DD91C5B27B33F153F53E2B97D5EAC1A3B991FCD8E2D9E76BDB93012BBABBC4C4FF4456F0D4886A4161D177F6C7F3972DB7D2D062FB6ED65FD5CEEA05DFF2C8F433BD96359845BC717E38FF5D1C4ABB71600E9906A4E8537C9BD91853CC48F7DE7DEE26AD1B7F583B833D3F8CB2BB5D736EC967D39FBE40A5EC7DE45ED2AE60616E24871A075E50674089EE2333F0DAA832E6099CEA3C5FE7C5EDCFDD436E85E5EF6D6B890BABE78B953B09F6D7F65AD60C6CAD0A6449613897BAA4F6374E200346F439810DBC39A64470524349B59AA9CFCEA5BC566567CB7E4958600BDFAFF98810FF5641E56BF4329ECC1BC9AEDAFE7B387BC2E12F9D60859E3D0979ECB0208BA5AE59C9EDCBE738447080F25A155397CEA5AE5929A87C90BC8B1DF1F9EC49C82358E1F8A08EC34417018B436AC8493BC55D01C2FD62A351C4BD2BEFA4A8DAC77EC609A0B0CA87075E9E89D128DC45BB2BA0919CB4532C0EA9716850C721A2472BDBF926358775634AF0961A2D3A77C5B6497C9B1D6A27CB2CE3EB5361ACDE35D1A273BCA546D68D29E19BD41C872567F6ABE8329199E511959C4A3BCDAFD42D169F9F77DE8F55DBD2ED6099F5BCF8D14D145659DEEBFC4ADDC2A9B4D32C8FA844D6CF993AFD267AAA9796E3134FB322B20285D8BAC484A7DE9E4AD700F37D3BBB243CBD618A55E72AC426564456707CE26952BD7AF7066C85DDFD08A5C4C40B232B7832B41A491F9EE8A379C339747A2451A13E787B2950ABDCF17097E3A994E3A9740340ABEB44ABD3D3D6AEA7A9A59DE6D60ECA2E5CC260B46FF6CB67472339511844EAA81AABCE8FF7D49131E10C6F560CE76F25A1E8ECFC60DBD5659BE6DBC4FA9812220404597AE3F3E27D546A8C4C0B19CFD1DAB3D475343163443A3B4A0EA2942A9813711B6BCE6CE7364D0A22C05DEA46B3BE8D992137535CD1C8D9E21A8ACA1AC82DAEE58793651455D876866ECE2DF9EC78EED33ED753DAAE6071EE480E34AA6D60D5F5B1CB23E52B33F06E6C11FB93CFD944F0C6B6602293E289568772E0C231EA3B9A69E868466FEA422E9661301969D1EB3061C6D7CD8B26BD9675E73EA145DF864C2A212ADC977FE8379032C383AD2FDF43E1574B797FE774D6AE9CCEC377A71012F4EFA85990BF178FCC4A4526935864E3DECC281A5BFB9E3E1DE1DEC1FEE473BC1B5B84AFCC3E993A12EE1CF1BC2D2B9C1B54CFDEC45C6E52B7DACC2D3951FD675262EEE4EBAA13A407C6A1910591AE4AA4A1B11371BB1BBEDA20B475267CA56A8C9D22C2141A2606C412E5AB2140A1A6B2AD8E726D0DB76A920950A8E93219782DF723F43ECD2C9F7307AAF426FE38F356BC659E48C4B07CF154D66FCFB4C846A349CCA8E04B24475DECF3FD8AE8CEE6FDBDA6960B9D6EE46885C50384D76FA3EE3DC44DCFFFC69430D35FB8CF2D94B5FB5FE6687E080565F5E497D6D1DE212C88E3AE90111D1140744400A3C3FD898E0C20252604CF616674864E02DD7DD8597290C6CE5622BD3404BAFB50DA5C8D4759085BF7FCC8FEEFF3319984FF3C7327E7F2F15FF6597B9B37645FBD2F8FE58EA4B2536E93FAFA2CBA58D41D645915558E4A6299CF2D94E1731FE36293074A858CB5CB67F2FA96EF2828ABB7BA3E4DA08A2969914C498B6274BC2778E949F41BCDE6BCBD28A472168EB98B4FCBBF27B42382D7371D66C717D918050C06357E5A2A3F5A67B55D3DD16294B0BC288CF5954158F01C5E973E893EC6A39D8D31C5DC6C85CF2D9486167702EEF9CF2BC79F6D7C84DF2FDD417D53EFC90D4249890D66DEAC54464E94E2E9296798BB2F973AB5347436A13776D1D0D0C1917FB6F0E1DE5374197A7EB01B76FF1D1F4FDB66E45ECDE126150B7323C96BB37E0AD9AA77BA5C646659C4053E8A2B1434FDD9174E150DE3DDAFE2AF1C7FBC2F0B9DC0EE5D28D575AD7CF15D3EBB7616505F6E20CC37800EAF2686297DD95D7A8892CEF3BCF1E043444E92D2562DA6B4F2C6AFB0BB27150A9E88B1865045270B82BB6721339BBD305A3172B278F43E41D51D647921B202372B832C9670A9ADFF16149ACC666E4E89E0AE3FBECFB2C78F7226B389D7C63FC1EFC26F637BC9D714988A58BE32998F5FBF8FE1015ED7ADA3A1D9FEB9726E62132FFC14D499A0B23CA82358740F899135A34B39323E9B719EB6EB5A7BA3A5CDADDFAE65349AF8BFAF73309BCD9C29A861FE923D24CD7C8BFA136E881133561DCE144D0AB94127786BCBAF78FC81498844D7B6B4665DFFD93BCE53C791F1D9AC195D8A8705E3A98115D3B411096334AC7F7E9655E7FE70B2FC9AE3C2F27AE62FDFC586E7CA08698B24A3360783C98087BB9CC79F4862CB5B77E2A7B6AD4B656F048BDE6694F0744104938EC773C6C67E634FA83C3A2D3EA7B9B59D3D87CEDAD48E1FCF5E60DAFD5B787F5D21693EF1C4AA47F271D15754F8E57372CF93A42574CFFC792B2DB7D75ACE68954C3A1ECFD30511B4198507932C1EC85DE894B3E5C230F4663193D4AD765FCB5DD7A4BC66202784A6D60E8ACB7B0EB32A15F25E47E23FC76C861339951CFAF202A963C210F976A0967BE1E62E4233D1C828F77052C3F7D8752007D06912F342C908E69D1D4545A7E5AF13ABBA77BD59C48AD210928E2670B8C9BED92B31A13D8B77C7E43148A596DD865221E3D07B0B512AAC4B93AE6DD0F2DBFFF880D2CFDC7838F23764D4E6D06536B0EACFD38909B5EF78E770938AA4A309AC280D416F658EFDA00ACE5C4DE298E164E555333ADCDFA2408D4824C26C36E3A954A0D57520128950C8A5B4775AE706A62584B2ECF954FC7CDD89928411A8B5CF44892D83337D1EC899CCB0EE7C10714792D857EFDBD7EAAECBADF1E7AF39F6F270E3937F3C4C54A89F4582AB3C15BCB37236005A5D777C61D9A2C9BCB27486D5B6659EAEE00FF3BF445AA3A6B8F4B4D5F5F4C4BE7A5FE28E24B1EE7CDF05073B4CADCE0DAA67EDE85286D970ABAECDFBE359F8C6ED8404795355DB72C378B8522147D7D17BE2E1F8B8108EE754025C7935180CC2630E329984AEAE6B7B350F7739FF5C59C7F4B11B04D7D31B17F532FE5410C1F61A7F9BD5097670D9B6D7F8139B91C47BD581D8EA699A75530172A9915796CC60DE6F53AE5B66E6D4B17CB0FA5E41F5A93CFF3DF831184C16092E1289C8D8F1187367740F2E9F7AF866C2346A0C867626846E155C4F4F9881F7AA0389CD48B2B9E030889228EE597117BB0F47DFF07BB1B8FBF93599840928168B0597FD3929B12134B7EA28AA686442421825E5F54C4DF8916DCBF65A55DFD50CDA248ACB1C6854332E339135E51A8C7D5CCDB964CEB11B7E27168B7967E5EF309B853DBFFE6A0FBEFF7011FE3ED6ED1EF5E3D94A36AD984364881FC74E9753DFD4C692D937B64F0846B38835E51AC66526DA5570E887889CCE2866496138E9C7C691DD87A0CE84E86A6E4F2DBDEE77269389C75FDC7B457485BCE7D4BFFAA6360E6414517FC9BADDA7D42A05F73FB38D9A866E7FFCCEB42252ACCC8F03C8D62A493F368E2585E176CF8F837E0CC39E68F564FCD104FE5A1C4A87C9BACBAE5D7C1037D9F5DDC2365D77244C22117362CF13A4C605F758D7F36F1DF8C5679ECA5F2629C8E55212C60401DD3D8A9F5AC9BF36CCE7628396B6763D0AB98157177E63E9AD00D06112F3D7E250C61F4DE0446BFF2D6FEED7D87B9759C4AAD210923213F8CE8AA04E744823CBEFCBE8B18CD168E28167B65179D1B2397EA542CE9BCFCDBC72FCD4BC9B4919ABC16030F2E0CC6400B6AE9C4D5B7B17B7DCFFF695F1C0DF1E38C228CD250BEF04BE6B52919499C0AAD210BAFA792303872D6014018B426A7829AADCA2552E46A3885F3F770F87B2C2EC671C1011EC8BAE43CFC5062D2386AB395FDDF48BC1DFF4E4323E5FB10BB158F84FD86C90B0AC288C0D954136F36E2CC561B36C66607D65107199497C5A273CA8239198D9B66C1F51C32D6F5D4278E8EE645E7EE60E4A2F3472B1418B422EE3C357EE4522B956F0B8B07A3E78F65F1609FE699D2F719949AC77A0E03088972A97D7AA98BCE47E9BAF5C8D0AF5472A159357527BE5B3CBA1DBCB840F6BE6BBD73F762D55EE2BBB6AFD88CD48E2DD2A61419DB0C0160EAFF990D830EB12246F34495354517F8DE032A9840F5E9D7BE5383EA28E1FD60A5B9B6E06DEADEA0EB20C14C16100B5F4ABB164FB91169D9C47D7FE865DDFDF3870733D92C78670F25CA545E73C30E51C6F3FF1159E02D698BBB61FB1024B371ADA7A208EA59B6EA3DE0E1B0D05AA75BCFAE8373C34B5F7C40CD7464336C0922DC51A5B15ACDA9ECEC6CF12D076F47D6180A742CFE23BB2587E5F066ACFDE33625C5B8AD9104B370F6C687167CB57E3F8F0EB58CE9405587CBD71E1753C3C2D8779D37204ED1FE7DA3CD08E58B34D6871959A83A7C3AEDA26D41B6DBB8CE63637BC3D3AF174EF22625813D1231A99105DCDD4C472460E6F125CBF6B9BD07E40042C08BEC8EA51E50EDD7FBDC920E5D9C230365F18E6509FDB1A069DE897D1B8E9F97B74A9437682FEA4D68F27F223A8B2D182C2FE66600E2F0550D52967767634B3B3A3FBEDC777C435EDC1A015FD329FD4FA119791C8E62AFB75B3666073D530E23212F964000559AC65D076EFD7C3F5C73DC218F42DFD6ABEBDE44DE2D144569705F7D975329845AC2E0B26F168E290121C86584BBF1AD79FF1DD9821D5D2AF26ABD583B4E3F12C2D08171C0E6D378A595A104EDAF1F8212B380CE1967E35AE3FD8BD9621DBD2AFA658A760DAC958169C8BFAC5BEEB97BAA42C3817C5B493B14E21383889E8D0ED766DF9696E7BF74F6ED7EE9FE6F0B7089CC31F2A3845F77E3DA295EDE40FA278B92D719A96FE739C55707062D19D1997E84E884B7427C425BA13E212DD097189EE84B84477425CA23B212ED19D90FF0703B3630685FEE6CE0000000049454E44AE426082, 1)
INSERT [dbo].[Countries] ([CountryId], [CountryName], [Latitude], [Longitude], [SurfaceArea], [Population], [FlagImage], [ContinentId]) VALUES (N'CAN', N'Canada', 45.24, -75.4, 9984670, 33476688, 0x89504E470D0A1A0A0000000D494844520000007D0000003F0806000000CD10C74200000006624B474400FF00FF00FFA0BDA7930000050449444154789CED9C4D48545D18C77FEFCC9B89260821C450149A632243E42617E5220B5B4A8B204203691D81AEAD701169602DDA55602809E1260293620A6C2114242825992D1CC870515AD397329D77F170997C9D99E6CEE49C73EF991F5CEE9D73EFF33C7FE63FF7DC733FE6FEA340A18B89093874485B796D3C7B06870F6B2B1FD056B988368AA65B48D1740B299A6E21F69AAEF48D5F7563A7E94AC1D9B3D61A6FA7E977EFC2EDDB32B710FB4C5F5B839E1E59EEE991CF96619FE9376FC2FCBC2CCFCFCB67CBB0CBF46FDFA0B7777D5B6FAFB45B845DA65FBB068B8BEBDB1617A5DD22FC677A22010B0B1BDB3F7E84BEBED4317D7DB2FEFF2C2C483E9FE13FD38341686E86F3E7616929D97EF932ACACA48E595991F50E4B4B12DFDC2CF97CC6BFBA056C0AF5F570FD3ADCBA0567CE4045050C0C648E19181083E371181C94F9F1E385D15B60FC69FAFEFDF0F0A11877E346763189045CB9B2318F0FF15FF70E70E08059790CC39FA6FFAD3DB4B8A77B88DA5A282BCB2F475999E4F121FE343D18844824BF1C91882F47EEE075D3DFBF87E1E1D4EBF2ED9AD3C50F0F4B5D0FE36DD3C7C7A1B313A2D18DEBF21D84A58A8F46A5DEF8787EB93563B6E9A3A3F0FC79FA3B616363B0BA0A274EC0F4F4FA757F7B4F9F9E963AABAB5237156B6BA2777434BFDA9B8D924709F44C13132A239D9DB2DDD6AD4A35352975EE9C5243434ABD79A3D4CB974A95972773EDDCA9542C968C8DC7950A0472D3150848BC432C26F99DF5E5E54A4D4D898EA121D1D5D4243A417467626242DF770ECA6CD34746DCE58B44945A5E4EC687C3B9E90A879339969725AF9BF89111A34D37BB7B3F7A14022E24FEDE05035457E75677EF5E99A73B7464221010DD0663B6E9DBB74363A3BB986814DADAE0D1239899C9ADEECC0C3C7E2C79520D1233D1D828BA0DC6FC6BEFC78EC18B17EE62C6C6D20FB6B2616141EAE642AE7105C4EC3D1DA0B555B702777840AFF9A61F3C082525BA5564474989E8351CF34D2F2D857DFB74ABC88EFA7AD16B38669BFEE9135CBC08AF5FEB56921DAF5EC1A54BA2DB648C3D4F1F1850AAA242EBF96CCE534585E82F9EA7BBE4E4496868D0AD22371A1A44BFA1986B7A28044F9E4047876E25EEE8E810DDA1906E256931D7749041D1E0205CBD6AFEBDED6050740E0E1A3F9833DB7487AE2E78F0002A2B752B494D65A5E8EBEAD2AD242BBC613AC8E3C893935057A75BC97AEAEA4497871E97F68EE960DE176CEA0FF10F78CB744876A5DDDD7A7574779B7DC8C980F74C071934F5F7C39D3B851F3495964ADDFE7EF3079769F0A6E90EEDEDF0F469E14E8F4221A9D7DE5E987A9B84B74D07B9C13139B9F9F7B0ABAAA48E076EA8FC09EF9B0EB06B171C39B2B9355A5AA48E0FF087E9E0EE91A65C989ADADCFC05C41FA6CFCDC1EC6CE66DB66C91BF29B5B6C2EEDDD25653239F6B6B657D266667A58E0F30FF71A96CB87F5FE6DBB6C9438DD5D53277966B6AA46B7646DB7373100EC3BD7BC93F352412108BC9CB87DEBD83B76F657296E371A9E391AB6E99F087E96D6D70FA34ECD891DDF6555532FF7DF0170CC29E3D32B5B46C8CF9F001BE7ECD57A911F8C3F49A1A77DB7FFEECBE46B63F280FE08F63BA5B9C57887DF9A2578726EC36FDD72FBD3A3461B7E93F7EE8D5A1093B4D778EE93F7FEAD5A1093B4D2F76EF16F2FDBBCC8B03398B88C7752BD08A9DA63B7BB8A5E6DB69BAD3BDFBF065BFD960A7E9CE40CE79798165D869FA850BF2AAEF53A7742BD1823FAEBDBBA5AC2CFF374A7A183BF774CB299A6E21FF0170D4A0C4914F93DF0000000049454E44AE426082, 2)
INSERT [dbo].[Countries] ([CountryId], [CountryName], [Latitude], [Longitude], [SurfaceArea], [Population], [FlagImage], [ContinentId]) VALUES (N'CHN', N'China', 35, 105, 9572900, 1277558000, 0x89504E470D0A1A0A0000000D4948445200000190000000FD080600000092A221FC00000006624B4744000000000000F943BB7F00000009704859730000030E0000030E000A45CE08000000097670416700000190000000FD000FD13F0E000010484944415478DAEDDD796CA4751DC7F1F76C5BD8B6BB3DB6CB210A08C88A5C1A4F1008BB0BCA526E158578A1F14A508C287860029A554051CC82C6A8312ADE114105845D3518150FC463554254623C406077B5DD6EBBF78E7F7C7F8F9D96763A2DED749E79DEAF6412BAF34CFBF09BE799CFFCEED236F8472B7497A18C2449532B9561A8B505BA5AA0CBF29024D5AA0CA50516832469260C10499201224932402449068824C9009124C900694225A0C76290648014572770D40C5E7723F0548B4F9201525CC3C0FB810FD778FCDEC02DC069C0EF2D3E490648B1DD0CBC07580B1C53E5B803813B81D38175B8208D2403A4F06E03FE081C0B7C0F78E704C71C0FDC011C0E0C023FB7D8241920DA06DC0DEC269AB4DE9D6A2347A6E75F0D7C0D5894C2631BF0338B4D52FD9476C2402B745B140D6805F0556053FAB91B184941B122FD771968071E014EB0C824D5471986AC8134B21F030F55D41307815DE3C203A213FD3E8B4B527D19208D6C0FF003C6CEED28134D5A959DE52DE938493240F47F37013BA73866078EBE926480689CE713CD56D50C013700D7119DEA92648014DC2780AB8911565319264666FD14B8D0A293648014D301C4E4C00B818DD4D63C550636008B81EB89D15B075B94920C90E25849CCF7383A05C2544AE95DEC249AAF5A89CEF7F380DF021FC01DEF25CD89568BA081A2FC2AE032A2537C2BB04FC5F37B8866AA6DE3C2631730006C4FCF0DA6D70E129DEF6DC48CF575E977489201D264FA8127117D1E9BD3877D160ABBD2BF5D021C9A0202A017B81CF8B2C527C90029AEDBD2A39A03812B538064B50FD7BF92344F8ADD07D246CCE2CE8B5B8966AC527A3C043CE8452CC900A9BFA380B37274BE0F03F71223AD1603EBBD80251920F3A31F784DCECEF93BA9D6B437F04B2F604906C8FC58093C337D9BCF5380FC87E864BFC70B589201527F8703CB808E142479319C826333F08017B02403A4FECE209A81B60167E7ECDC6F05FEE4C52B697E1577186F3FB1A7C60831D16E31B128611EFC9A58C25D92AC81D4D9D3812318DD94A98F7C35633D02DCEEC52BC900A9BF3381BD185DA47007704E8ECEBFCCD47B844892013247013252F1F366E038DC195E920C902A8E2646608D8CFB469FB7662C493240EAEC0C261E3A90B7662C493240E621408627F8F7CDC4F6B1EE9D214906C8E33C07388CD1E5D02B65CD58FD5E149264808C77FA14FFC73B80D30A7A25B4E0FE94920C90AA013252E5F96C34564F01AF8445C0BBBD212419208FF73CE010266EBECA948125C0AA025E095B813700A77A53483240C63AB7C6E376A49A4AD1644D5857131B6D499201929C4AF5E6AB4C361AABA76057C25EC41EEC87021FF0C690648084170207112BEF4E256BC62A5A2DA42D5D0D8F129B6C1D5FE3EB0EC0CE77C9006962E731BAEE552D7650BCE1BC8B88E5EDCBC02EE09A49AE8E4EE024E02A627BDD1389CDAD24154EF32FE7BE00580E0C4CE3355933D61262F7BFA27C9528A5FFDE42AC56FC3E6035B1FCCBC929388E06F6059602D702DFF426920C90667532F01460D3345E53067A532DE4CB05AA812CA8A8A96D249AB2CE48E5B717D104B825D538BE06BCD71B482AB2E66FC23A879935B16CA358C3797B19DBCC972D19DF0D0C021B880DB73A81BF016FF2E691AC81CC978389A6900160F71CFCFEDD403B7042FA009CAE21E059C0B3D3B7F1B92AA98EF461FD17A2EFA59E0E014E219AF88E9DA09CCAE342A53D95EB1B99783D314906485DB413730E4E24FA19E66283A4DDE9B17D06AFCD3E386F26FA064AB37C6E2DC450E10DC0E5D4678FF36EA20F63790A8E43D3FBB03D0566B58106A574ECBB803F7AE34882D24E18689DCFAD94DE095C9A3EE8677B4FF2F26C95D22C9FD7C2F4617E27F08E142273FA2E13F36056A71AD54EA24F68F334CAA80BF81CF0416F1A495086A1F9EF03F918F032E0DFC4A8A7F22C3E66338866EB912D17FF1EE05575088FECFCD7012B8819F9DF229ACBFA88CEF35A39DF435243D54032EDC0F5C49C8D4D34DFDC821231F4F537C025449FC77CDA1F7829F01262C8EE76AACFD42F111DED17016BBD71246B200C354E80645E0B5C41742E0F3449497712C360D71073271ACD31C49C8FE7537DB1C90EA2D96B25C5991F2369D20069BC46892F127B72AC07F661F6FB1FEA5DEBE8031E03CE6FD0F000F803F067A26FA65217F1D522BB4A468891736BBC7924356AABF6DF88497C9F20462A75E4B064DB5378DC4C4C66BCA7C1CFB76F5CF0750137005F279A1397A6F762007831F0666F1EC900696457131DCD03E33EE01A5D2FD1A77031F0566A5BC471BE75333A1F67293103FFA3C065C45E2AAF07EE887A2B6DE9BD7996379054648DD7073291AE541B398B680E2A376A6912CD6E77131DE58FE4E84AF816F05C6266D0EF89254C26D2916A20AF2646CD9D47F3F45549AA596376A257F34662FDA5366636BB7CAE436E4FFAD6FEC91C5E0D6B89D9E89B883EA87FD5F09AC388B5B11EF566928A1820F91AD9FF59A26FE401A233B7113AD8B35AC75F8133731A1E008B89E5DC2FAD313C001E343CA422CBDFD4B007801711B3A29730BF1DEC1D447FC7E788A1AD795DE2A385D8186A0D70973785A4660D90CCFB80D711CB9F2C9987BFDF47B4FDBF8698B79267FB01BF00AEF4869054BB7CF5814CF6417E43AA016CACD3DF5C027C9F58C76A73135C053DC49226FFF28690549BFC75A257F3B6F4813E32C77F67313121F0535E40928A1D20CDB33CDEFDC4722173AD95992D0F2F494DA67902E495D4677EC84E6259124932409A4037701CF5E98F18069E011CEEC523C900C9BF9544677A3D6A206562D1C17E2F1E490648FE9D437DF713DF6A804852FE03A48BD8C7A29EC36987812381655E40920C90FCEAA77ECD57993231E2CB5A88240324C74E63E6CD574F642D2D9BB124192039D6C3CC475F75A79AC4E21906C930B197F8D3BD88241920F9B38A5856643ACD57256225DF9F0127116B6A2D64FA73F1B366AC33BD88241920F9733AD36BBEEA4CB5966B800B80FF025F4941743FD3DF837D84C9375E6A162DC0FEE47B6F7A4906C8183D4C6FF4555F0A8C0B808F8F7BEE2F445FCAF5A926D259E3EFDC4A4C283CAA89AF903660358DBB0BA424036446B58F5A9AAFB226AB1F012B809F5439F61AE0426257BEA5359C43B63F783377A63F8758BAE5606F1649CD1220AB98BAF9AA939827B29A582BAB966D707F022C07BE4334692D9CE2F891260F90B3898DB35679B3486A8600E9055E40F5E6ABA5C086F4ED79CD347FFF16E0CDC065C06EA2B9AC5A802C038E6EC2ABA38DD8FDF13F0688A4660990D3D387FA44CD575993D59D4493D52F9EC0DFF912F062E03EAAEFC1DED2A4B59095C456B71B8163802779C348CA7B80AC2296551F6F1131AFE32AE02262AEC613F57762ADAD6B89E6B045131C33DCA401723EB02B0575174E9C9494F300E965E2D1574B818781973037BB057E2CFDEE87D2DFAAAC8D6C059E063CB389AE8C6EE00446FB8DB61223D52429B701D2CFD8E6AB12D1D9FD5DE014E0D773F8B7EF259AC5BE9142A4BDE2B956A2692D0F3A8951558B880EF2F10F8073199DAD0FD12F742C7018D16437D1EBBA8183A8CFCE9092E65DFEF644BF093839D540BA803DC08781CFD4F93CCE4D7FB79B985FD29E6A4027E5A00CFB808F006701038C1DCD56229A071712CD5795F626B6F3DD9342A432C43B5270DC4834F7EDF1E6929A591986F215207DC03DC4C8A85EE0AFC0C5C0FA793A9FFD89115ECB53A0B513C35EEFCBC9157009B194CBEE1424135C218FFFCA31C1CFFB02FF062E05D67963494509907C3561F503FB11CD47DF269AACD6CFE3F93C02BC1CF82031E4B5877C0D775D039C976A4ED9A4CCCAC72457CD98E79702B703271A1E52D1E4AB06721BB1FAEEE5C0E71BECDC8E053E9B42E408F2B5F44737F0E914C81B6A3CF7ACF9F09AF45A49D6401AD61144B3D5290D181EA49AD009C0DD4493569E0C124BB85C4DF47D4CB570623BF067622562C343B206D2F0677A10319474430E4AB58F584F2B8FDE025CC1E4CBBE948811672B88A62F49D6401ADE3F72121EE4383C009E3AF5554317B1948CA4425B6011E8FF5A89A55B86C6D5383AC61DB78BE87C97648048001C4FAC7795CDE1E820FA3B7E956A1DD9C4C9CDC46A00BD169964804810BB2B6623B07A899586DF426CC27549AA79F4A4637AC8CFCC7B490688E6D8726216FABEC42AC6A7006BD373B702A702BF23968E29E312EF92012201CF059E414C88FC08F052E0D171C7FC9318BA7B3DB194C9726CC6920C1015DEAB88E54C5E015C37C5B1D9D6BF2DC44C7C4906880A6A21B11ED67154DF33BED20F8989939D169F5454F95B8D57B3AF2D05C84C57D05D80ABEF4A055386A1568B4113EEEE381D86875448366149920C1049920122493240244906882449068824C9009124192092240344B3A96F86EFD6D318DDC743920C90027A327013B1B153AD2E06AE24F692972403A4A0D613FB95FF1278E114C72E043E0DDC08DC69D149324074137020F04DE05D931CF33CE06EE07CE041034492012280EF129B3C6D072E2776093CA0E2F9B703DF06F6038681DF029B2C364906881E4EA1D00A3C966A1B6B89CD9DBE005C016C4EE1B137A3DBD14A920122EE20FA3800FE0B94882D6897A75029A77F1B3140241920AAF43D60308504293006812D15C77402F7037FB7B8241920CA6C203AC9AB6D25DB0ADC65514932405469197038D144359941E06CE0488B4B92012280D702DF070EA1FA36B2656206FAEDC09B2C364973A3B413065AA1DBA268F098FF3831DA6A630A889ADE5D6029701BF0B6296A2D92340D6518B206D2E89601EB800BA6191E594D6403D00FFC087881C529C91A48315C045C4B0CDBDD92026141AA59948935AEB64E50EBE865749456A693E85CBF0EF810311951929E400DC40069546F4801F21831DF63570A8DA1F4D8039CC4D80EF505A9C6F1C3496A2A1D295CEE026EB1882519204D582FA4B6A6AA1711EB636D4C3FEF03AC066EB00825CD7D80D807D2A0EF4C4D7E9A6A28D9BBB823D53E24A90E0C903CDB0ADC43EC11B29098797EBFC522C900512D6E01DA884EF29F5B1C920C10D5EAC7C412EF0B71F144490688A6611BF02BA239CB1A88A43A6AB5089AC01DC0418C5D9157920C104DE95E602F8B41527D390FA4192C485F0576581492EAC37920CD628FE121697EBEBB4A92648048920C1049920122493240244932402449068824C90091241920922403449224034492648048920C1049920122493240244932402449068824C90091241920922403449224034492648048920C1049920122493240244932402449068824C90091241920922403449224034492648048920C1049920122493240244932402449068824C90091241920922403C422902419209224034492648048920C1049920C10499201224932402449068824C9009124C900912419209224034492648048920C1049920C10499201224932402449068824C9009124C900912419209224034492648048920C1049920C10499201224932402449068824C9009124C900912419209224034492648048920C1049920C1049920122493240244906882449068824C90091241920922403449264804892648048920C1049920122493240244906882449068824C90091241920922403449264804892648048920C1049920122493240244906882449068824C90091241920922403449264804892648048920C1049920122493240244906882449068824C90091241920922403449264804892648048920C1049920122493240244932402449068824A9CE5A770325A06C5948926A5406FE07CC5CF6D2AB9FBB880000002574455874646174653A63726561746500323031322D30392D30355431363A31333A31352D30353A30309875B0FA0000002574455874646174653A6D6F6469667900323031322D30392D30355431363A31333A30322D30353A3030E02536560000000049454E44AE426082, 3)
INSERT [dbo].[Countries] ([CountryId], [CountryName], [Latitude], [Longitude], [SurfaceArea], [Population], [FlagImage], [ContinentId]) VALUES (N'FRA', N'France', 47, 2, 551500, 59225700, 0x89504E470D0A1A0A0000000D494844520000007D000000530806000000B226086300000006624B474400FF00FF00FFA0BDA793000000FF49444154789CEDD1310D02410000C1032BE4A5D0220021D428F80E0938A04217150D48F88E23D919059BEC6E1C6E9FF1E7CEA765DCD7E3EC8C4DAFCB75BC1FCFD9199BF6B303F83DD3834C0F323DC8F420D3834C0F323DC8F420D3834C0F323DC8F420D3834C0F323DC8F420D3834C0F323DC8F420D3834C0F323DC8F420D3834C0F323DC8F420D3834C0F323DC8F420D3834C0F323DC8F420D3834C0F323DC8F420D3834C0F323DC8F420D3834C0F323DC8F420D3834C0F323DC8F420D3834C0F323DC8F420D3834C0F323DC8F420D3834C0F323DC8F420D3834C0F323DC8F420D3834C0F323DC8F420D3834C0F323DC8F420D3834C0F323DC8F420D383BE640908F426C8AC300000000049454E44AE426082, 4)
INSERT [dbo].[Countries] ([CountryId], [CountryName], [Latitude], [Longitude], [SurfaceArea], [Population], [FlagImage], [ContinentId]) VALUES (N'IND', N'India', 28.47, 77.03, 3287263, 1013662000, 0x89504E470D0A1A0A0000000D49484452000000E10000009608060000002894EF0300000006624B474400FF00FF00FFA0BDA7930000112749444154789CEDDD7B5054E7DDC0F1EFB2DC914590AB828A222848DE4490186F318686602646104946431A755A9D495393581363DBA493A66AEC24B1B54EF5AD974C48D21411313764E25D4389E2A5450C20885190AB208B2CD7DDF3FEB12FC7EC44D3BCF38EFB90C9EF33E3CC5ECE2EE7AC7C3967F79CF3AC41DB9AA0218450C645F50C08F16327110AA1984428846212A1108A4984422826110AA1984428846212A1108A4984422826110AA1984428846212A1108A4984422826110AA1984428846212A1108A4984422826110AA1984428846212A1108A4984422826110AA1984428846212A1108A4984422826110AA1984428846212A1108A4984422826110AA1984428846212A1108A4984422826110AA1984428846212A1108A4984422826110AA1984428846212A1108A4984422826110AA1984428846212A1108A4984422826110AA1984428846212A1108A4984422866D0344D533D1342FC98C99A5008C524422114930885504C2214423157D53320BE9FC6C64E0E1EFC9AA3476BF9EAAB162A2A5AB158FA319B7B30993CF0F171233ADA9FD8D84066CC08E7C10747131CECAD7AB6C5F7209F8E0E62369B465E5E25DBB7FF9BCF3FAFC16AFDFEFF5546A3819494312C5D7A17F3E68DC3C5C57007E754FC7F488483D4DEBD1758BDFA08E5E5D71C6E1F32C41D3F3F0F9A9A3AF9E52F1331180C689AC69FFE544270B00F66730F376EF43A3C66C28461AC5F3F8BB973A39CB908E27B92080799E6660B4B9716F0F1C755FA6D2E2E06EEBD77381B36CC62E2C4401A1B2D9C3C59CF934FC671E58A99880813D9D965242585111CEC4D59590BAB561DE2C4897A6CB69BFFBD73E746B16D5B2A4141B2993A984884834851511D0B16E473F5EA0D00860DF3E237BF99CAA54BEDA4A68E2125259273E79A993831487FCC175FD4326D5AB87E7DE0FEC2C21AF6EDAB2122C2973FFCA188D6D66E00468CF02537771E53A60C77EEC289DB920807894F3EA9E6F1C7F762B1F401306D5A38BB77A7011A21213EFA749F7E5ACD238F8CD5AFFFE31F5FF1F8E3136E7B7F63632760203D3D8FA2A23A00BCBDDDD8B5EB31E6CCB9399D504776510C02070F7ECDFCF97BB058FA70757561CC98A1A4A4441212E24D55551B7D7D367DDADE5E2BF5F537F4EB972F9BF5CBF5F537E8EDB5EAD7FBFA6C5455B51112E2CD430F451219E987ABAB0B164B1F69697B3878F06BE72CA0F84E12A162E5E5D7484FDF436FAF15777723BB76CDA3BA7A19BFFDED54001213C3C8CE3EA74F9F9010CAEEDD95FAF5DADA0EFDF2EEDD95242484EAD7B3B3CF91981806C0ABAF4EE3E2C5E5E4E43C86BBBB91DE5E2BE9E97BA8A868BDD38B28FE038950A1EEEE7E3233F7D2DEDE838B8B81CD9B7FC2B46923A8AA6AD3A7F1F030A269505ADA0CC0C891268E1FAFD5EFFFE69AF0F8F15A468E3401F6E935CDFEF80155556D4C9F1ECEDB6F3F88C100EDED3D3CF1C45EBABBFBEFF4A28AEF20112AB476ED3FF5B86C360DA3D185A0206FBABAFA1D42CBCA8AE3B5D7BED0F7137677F7D3D0D009DC8CB0A1A1538FC96AD578EDB52FC8CA8AD39FE3F8F15ABABAFA090AF2C6CBCB95814F02CE9E6D62C3862FEFF8B28ADB930815A9A969D77FF9131242A9AE5ECED34FC703101F1F4447472FEFBF7F1E00777723C9C9A379F3CD13004C9A14425E9E7D93746073342FAF924993420078F3CD1324278FC6DDDDBE167CFFFDF37474F4121F6FFF54F5E9A7E3A9AE5ECEDD770703B06E5D3157AEDC5CA30AE7920815F9E31FBFA4A7C78AC1001B373E88979711C3370E6A494D1D4347470FEBD61503B078713C3B77965259D94A525218B9B9E5F4F7DB686AB2D0DF6F2337B79CA4A4302A2B5BD9B9B394C58BED41AF5B574C47470FA9A963F4E73618C0CBCBA86F967677F7B37E7DB153975FDC24112AD0D6D6CD3BEF94021013338CFBEE1B819B9B91DCDC0ACE9D6BD6A75BBEFC1ECCE61E9E7DF6738C46175E7861324B971630695228478F5EA1BAFA3A00D5D5D7397AF40A932685B27469012FBC3019A3D185679FFD1CB3B987E5CBEFD19FF3DCB96672732B70733332634604D1D1C300D8B9B394EBD77B9CF82A880112A1023939E57475D9DFBF5555B5D1DADA4560A01719193154575FE7B9E70E70FE7C0B006BD7DE4F5B5B379999F93CF1C404EAEA3AC8CDAD60FCF861949434005052D2C0F8F1C3C8CDADA0AEAE83279E984066663E6D6DDDAC5D7B3F00E7CFB7F0DC7307A8AEBE4E46460C81815EB4B676515D6DFF10A8ABAB9F5DBBCA15BC1A4276D62BF0F0C3391416D6101161A2B8388BE1C38738DCDFDADACDCA9507E9E9B1F2CA2B5319336628A9A9BBE8EDB5F2CC3309BCF4D2219E7D3681BE3E1BEFBE7B8EA79E9A889B9B914D9B4A78E38D07D8BCF914EEEE460A0A1670F1E2755E7BAD080F0F236FBE399B80004F879F5557D7C1BDF7665357D7C19C3963F9F4D30C67BE140259133A5D6FAF55FFE43335750C56AB8D9A9A76876902023CD9B9730E595971A4A4E4B064C9676CD8300B373717F6ECA960EEDC2842427CA8AD3533736604B5B5664242BC993B378A3D7B2A70737361C386592C59F2192929396465C5B173E79C6F055853D38ECDA6F1F0C3F6F78BC78E5D7138304038879C4FE864E5E5AD7476DA0F4D9B3C399488081375751D7CF0C1796A6ADAE9EBB39290104A626228A9A963282D5DC2AF7E7588A953DF63EDDA995CBD7A83B0301FCE9C69C460801B377AF1F7F7E0ECD926468D32E1EE6E2429298CA953DFE3A73F9D4869E9124C260FEAEB6F5052D2C0A9530DB8B919898CF4E3FEFB231831C297A4A450B66FFF171D1DBD54545C73383655DC79B239EA64BB76959399B91780E0601F1A1B7FE1707F7DFD0DF2F22AD9B5AB9C4B97DA49480865F2E430E2E202F9F8E32A3A3A7A993E3D9C3FFFF9149595378F76898EF667C58A448E1DABC5D7D79D471F8DA2ACAC859327EB3975AA81D1A3FD58B0603CE9E9D18485396EFE06076FA2B9D902406EEE3CE6CF8FB9C3AF82F826D91C75B2819DEC006BD64CF9D6FD61614378E699491C3EBC90E2E2A7484E1ECDA1439759B6AC900B17DA484E1ECDEEDD950E01025456B691977781E4E4D15CB8D0C6B265851C3A7499E4E4D114173FC5E1C30B79E69949DF0AD03E1FF7DD72FE8473C8E6A8930D6C8A022C597217CDCD16DADB7B686FEFE1FAF51ECCE61ECCE65ECC66FB6D66732F51514399393382E0606F0C060367CF36DDF2B9CF9C6960E1C258162E8CA5A9C9C2D5AB1DD4D4B4B36DDBBFF0F3F3C064F2C06472C764F260E8500FFCFCECFF962CB98BE79F3F00404747EF2D9F5BDC39B226FC41BAF53B084D93212C7E88644DE8644386B8EB9777ECF8372B5624DEF64CF786864EF6ECA9243FFF027BF65C20262680458B62B9E79E905B9E8634695208369B8D0F3E384F45452BF1F141CC9B378EB4B46842437D6EF113EC366E2CD12FFBFABADF763A7167C89AD0C942426E06B76EDD3FBF757F7DFD0D366F3ECDAC591F3065CABBECDF7F89071E18C9D6AD298C1BE7CF81035F337F7E343131FE0E8F1B3F3E80B4B4711C38F035E3C6F9B3756B0A0F3C3092FDFB2F3165CABBCC9AF5019B379F76381771C0DAB537E7E3BB62157786AC099D2C2666987EF9F5D76702F61DE6478E5C71D845F1F7BFCF252C6C0866730FAB561DE6D5578FEBBB282C963E1E79641CC9C97DB4B5F51010E089BBBB2B5D5D7D0C1F3E84E1C387909191CFD34FC7B373E71C875D145BB79EFDD62E8AD75F9FC1B26585FF3B7F014A5E971F3389D0C9264C18868F8F1B9D9D7D7CF9653D292991F4F76B2C5C18FBAD690B0A2EB27C79213366845354F424AB561D2228C89BDE5E2B4949C3292EAE63C810776C368DBBEF0EE6C489AB3435593873A691A2A22779FBED93C4C7EF60CB96145253C7F0E8A3513CFAE8CD11D76A6ADAB972C5CC975FD603F64DD16FFE9110CE219BA34EE6E6E6C28C191100ECDB771117170391917E0ED3B4B676B378F167646797515898C98E1D7378F1C5C3F4F5D9484B8BE1A38FAA686CB4101E6EE2E8D12B84879B686CECE4A38FAA484B8BA1AFCFC68B2F1E66C78E39141666929D5DC6E2C59FE9833D0D888CF4C3C5C5C0BE7D1701983123023737F995703A4D38DDD6AD673458AFC17ACDD57583D6D4D4A9DF979F5FA9AD58B15F2B2B6BD6344DD36C364D5BB4E8232D3D3D4F339B7BB4C8C8BF6A9B379FD6E2E2B669EFBD57A6C17AEDBDF7CAB4B8B86DDAE6CDA7B5C8C8BF6A66738F969E9EA72D5AF49166B3D99FB7ACAC595BB162BF969F5FA9FFACA6A64ECDD575833E2F7FFBDB59A7BE0EC24EFEEC29909939012F2FFB3B81A8287F0202BC6869E92237B782B16387B271E383C4C60602B066CD11FCFD3DC9C999C7871F7EC58811BE6464C4505E7E8DC444FB78328989A194975F2323238611237CF9F0C3AFC8C99987BFBF276BD61C01203636908D1B1F64ECD8A1E4E656D0D2D24540801763C70E05C0CBCB95050BC62B78358444A8C0D0A11EFA49B71515D7282AAAA3AFCF4A46468CC3719B5BB69CC164F260D3A69F60B5DA78EBAD936CDF9ECAE9D30DCC9C19A1073476AC7D67FEE9D30D6CDF9ECA5B6F9DC46AB5B169D34F30993CD8B2E58CFE9C132706919111435F9F9523472EEB033D2D5972177E7E1E4E7C15C400895091175F9C82A7A77DAC97E79EDB8FC5D2CF378FE22D28B888AFAF072FBF6C3FB46DE06CF9E8E8004E9CA82723633CAEAE2E04077BE3EAEA4246C6784E9CA8273A3A403F0B1FE0E597A7E0EBEB4141C145FDB9350D2C963E56AE3C08D8D7822FBD74AFF3165E389008151935CAA4FFE29F3EDD4854D456FD6CFBD2D2667C7DDD59B4C8FE89696FAF95FDFB2FB17265923E7D7A7A3400E1E1BE00A4A74773FA7423002B5726B17FFF257D0CD2458B62F1F575D707957AE79D52A2A2FE5B3FFC6DCD9AFB8888303963B1C52D48840AAD5E3D451F6CC96030D0D3D34F73B3052F2F57A64FBF39B47D767619AFBC320DA3D17E589AA7A7ABBE537D6088C3D0501F3C3DEDEF338D4603AFBC328DECEC32FD39A64F0FC7CBCB95E6660B5D5DFDFA7836F7DC13C2AA55B21654492254C8D3D3950F3F7C0C3F3F0F344D63C58A031C3B564B54D4CDA3610606831A1829EDF265B343A00311823DB4812110E3E3833018EC8F1F1015E5CFB163B53CFFFC01340DFCFC3CC8C979CC616C52E17C12A162313101E4E5A5E9A3626766E61319B985DFFFBE088092927AB2B226EAD39F3AD5C0FCF9D1FAF581CD5180F9F3A33975AA41BF9E9535919212FB8EF8DFFDEE3891915BC8CCCCD747FBCECB4B73085EA821110E02B3678F223F3F1D6F6F37AC568D4B97DAD9B7EF220D0D9D4445F93BEC407777373A9C13F8CD356158D8107DAC51B01F181015E5CFD5AB37282CACE1D2A576AC560D1F1F37F2F3D3993D7B947316507C2739B37E10292EBE4A46463E7575F6017D870EF5E0D7BF9E4A6DAD99D4D4B1FFE7AF462B28A866C4085FD6AEFDA73E9CE1C891267273E73179729873174EDC964438C834375BF8F9CFF7919F7F41BF6DE04B42D7ADBB9FF8F8409A9A2C949434DCF24B428382BC282D6D61F5EA239C3871D5E14B42E7CF8F61EBD614860DF352B168E23624C241EA934FAA59BDFA3065652D0EB7FBF8B8613279D0D262E117BF48C0683460B56AFCE52FA7080CF4A6BDBD47FF8EC301717181BCF1C62C87EF2D148387443888D96C1A7BF75E60DBB67F53587851FF4298EFC3D5D585871E8AE4673FFB2FE6CE8DC2C545CEBA1FAC24C21F88E6660B070F7ECDD1A357387FFE1A172EB4D1D1611F8BC6CFCF035F5F77C68DF327363690993323983D7B148181B2D9F94320110AA198ECA2104231895008C52442211493088550CC10B0DE433E9811422159130AA1984428846212A1108A4984422826110AA1984428846212A1108A4984422826110AA1984428846212A1108A4984422826110AA1984428846212A1108A4984422826110AA1984428846212A1108A4984422826110AA1984428846212A1108A4984422826110AA1984428846212A1108A4984422826110AA1984428846212A1108A4984422826110AA1984428846212A1108A4984422826110AA1984428846212A1108A4984422826110AA1984428846212A1108A4984422826110AA1984428846212A1108A4984422826110AA1D8FF00FE6A42A023E829680000000049454E44AE426082, 3)
INSERT [dbo].[Countries] ([CountryId], [CountryName], [Latitude], [Longitude], [SurfaceArea], [Population], [FlagImage], [ContinentId]) VALUES (N'PAK', N'Pakistan', 33.4, 73.1, 796095, 182490721, 0x89504E470D0A1A0A0000000D4948445200000113000000B708060000003153BAF4000000017352474200AECE1CE90000000467414D410000B18F0BFC6105000000097048597300000EC400000EC401952B0E1B00004E0D49444154785EED9D098025557DEE6FDF7DE9DB7BF7F42C8C802B20717989629267F24044111886D997DE7BBAA7A77B7640117DC953248A128D46C5C4A8242F31468D2B22113528CF05444545909D61987DEDE97DFBDEF79DAA73BBFACE1D06675A98DB736ECF3755B76EDDBAE7FCABCEAFFEFFB35508A7F36B821A9726308C211CC641DCB1FD0ED45E5587CAC60A245A6328E92C41685D08A16E5F5DD4DA10B74710EEA0F8B9939313CB892954A7EBCBC1C4C969DAE460E260E2E4342D7230390E4C421D3E40041489200975521D6194ACA1F8B9939313CB842954A7EBCBC1C4C969DAE460E2C21C27A7699183490026874E0026FADCC9C9C9C1C4C06462C2C1C4C9E964E560E260E2E4342D723071618E93D3B4C8C1C455C03A394D8B1C4C8E0313D734ECE4F4DCE460E260E2E4342D723071618E93D3B4C8C1C4C1C4C9695AE460E260E2E4342D7230713071729A163998389838394D8B1C4C1C4C9C9CA6450E26C781896B1A76727A6E7230713071729A163998B830C7C9695AE4601280891BE8E7E474E27230214CDC14044E4E272F0713071327A7699183890B739C9CA6450E26AE02D6C9695AE460721C98B8A66127A7E7260713071327A7699183890B739C9CA6450E260E264E4ED3220793D31C26CA9F55A1CF8FA7286D60956F8F42C70CEE6FBE53601FA7E29483C9690C139337D501F92A31F9F221A0BC050A7DAEF0FBB2FBC4DAE354D22CA36BA2B9CF72C756FD5213D540B58690E88C23B12681444B02D1D6A803CA0C9283898389973F2D0BC0C42A1F249EB87D8D209234CB7047D46C0BAD9D8454B83B8CF8FA2862EB089AF61244DAC23998841A430E2633480E260E265334098AA9B2FB4B53BFA3F7BE7CDB4C510B8FB98EE10DA122CF44EFA35D1124BAE22869236CFC633B15BF1C4C8E039399DE346CF21294B6E5CB6ECFDFD7DA4590B5F6D136C9EE2380B4536B7CC97EFADC7E87FB144A9753F1C9C1E4748749BE2C0482B270B0A0B0923DD6531BFC6500103A968E9FD958EAC1845089ACA787B28977306B477D87FBE6A7C9A938E560721A8739920D5D725221B752BE9F4DB28740B291B230A17D74DCD89A28E2AA9C6D239055F9DAC8EDB29DF6B3DFDD4CF9FB3B15BF1C4C0230391D07FAE557AAE640A27C06A161D7B5DDB78179DF43F9201188A21D250622A9963432CD1984978551B1B612559BAACCEF84DAFCEF09240211D783E9712A5E39981026A7F314040561A2FC5AE581C4341F9BFC737FBB4E45E9E6C6DB2348B526514A88943796A3627525EA3BE6E00D37FD19FEFCEFFE1C151B2B115AE51F4B30517D8A3D9653D1CBC1C4C1E4D830517E5569CA3CAB89D77815AB098DB53164BAD308ADE4FB152154ADCD22B6A204A5AB9298DD568FD02521BCFA9AD7E2EA3BAEC54FF133F47C7B03EABBE620DE9840767D29A2EBA25EFD8C7EC3C164C6C8C1E4340E7314E7E6FA8F70DD80C4C24479E532B1358ED806BFDE832029EB294392DE476879096A3A6B31A77336120B6298DF3207B357CFC2F91BFE08DF38FC75DC4B88FC0A0F60F5ADCD3877EB2B11BD2A8EC8F208D29DA588747A15DB919EE287B1D3A41C4C4EF30AD863C2C44ABD57E99D546CAE40794F254A564410591A477973356A57D7A1E6CA1AD45E5A85BFB8FA8DF8CCAFFF094FF0EFB7FCFB25FF9A6F6D41D5B21A2416A5105B9A40AA2583E49A344A5A557752824857ECA8F43815AF1C4C8E0313E38E0B20B670A9B099A6CF99D1341C511EA85CB3B0F26AC5BCC67BE2F442B86F6304559D35286DA840D5AA3AD4379D81AA05757875C36B71C713DFC64EECC076FEFD06BFC663FC5BFE8965085D1C42665929C153898AB5559E57D2CAE3B5F0F7DA6786FD9C26E560729AC3C4E4A1104C6C3EDB42A8D95283D032DE79168431AFED2C945D598D97B69C871B6FBF097BB11FBF3BF210F671ED093C8E6D780AAB3EB90AA557A551D35685545312A9CE941993A3DEAFA6BF093D92E83ABE970DF3D3E354B4723039CDC31C5BEF63E0215968329F6AA551B7F7D0E521D477CFC5FCCEB311FA8B30167C6029EE1EBE170F111EBB08913EFEEDC16EFEED42F3471B10FA9FFCDEE2286A3754A14400D185A68A5C55E0F298D18D0C6FBAA30835BB3E2633490E26A7394C94BF82303179E4F615219CF98EB3105F96C6ACC679F8D82F3E45843C8327898E3DB4581FEDB677781FD70EE3DA4F5F8333979C81FAC65A94B7654C47356333DB4356D2BA243B1226FA8D42E9722A3E399814394C2C0C4EA4509ABC5988285F566BBD8A59753EABEAA8344DBD17FDF59BF0AD3D77603B11B28341CD2E1CE2FFBD38C0A55AC1FEEEB60FE38F1A5F89D24B53A868C8A27C1D61226F4400D944053AA999DFE0B284F694F753286DCF97944F3B72596909DAC1EB3F13416C8D1435B2FB8619024AEA5F73B474DCA37F6BA6CBC1A488613205064A9349970F16A58DB285C5CA6ECF7D97A1476C6BC4AB1F31F963A1E94820DD94466D4335EAAEACC6AABF594A68ECA11772183BFA9EA1A546692FF05D3F76122F770DDF89F9ABEA51B63883BA3575082DE2715A4A10DF44A0ACE3EFD85EB25AEA377CA07820F9C3C224B2366C9626A617DC28AD6B5BAC338ABACD35085D1142764BDA4BA3BCA96BA99521A6DF0388D7112F8D4C4B1AC9360185C750FAA934F312A70DA30CE762AD3CAEC2BAA61022DC96EE49E4EC3D69772BFF3CCD203998CC0498287D5A9A744D8589553E48EC774B548058A0239B08141686D4FAAC8141C58A0A9CB5EA4CDCF4B51BB097C0D83BF834CD35600C36303084FE8111FA2503D8864771EEE6B3106181AC6A2F4775770D4ABBCB4D9F94D05A1E531DD4BAF95B467E5A7D903C1F30918220B13011644CA530D35DB3AE120942541008BF83FBB4130EEF0C9BB46AC2270D0DC836654DCFDE54AB60CB7DEC35D1409BF17D694F0992CC4F824A77739F4E7E5FE39102769FA202E92C763998CC20CFC44B97B73D5F767F69CA779A43C85C93F27AB352E55D5598DD3917B137C7F1D95FFC1331F204FD8FFDE89FD88FE1B1C334D730C6E899ECEB57787304D77FE35A845E1FC29CCE5A649A789C65BCCB6FA844B4875E89EED28289BC1323BDA77C98D850213F5FD32981A390572298243B9278FD0DAF3315CCAA1B9AF5AE2A84AEA287713DD3AAD08C69D379D62C72028A3C94783B3D136ECF5D13DA4776D436FD8E7E8FC737F3BB30D4115073D70A6543A0D81A6F3993C2210793E3C0E4546F1A3669094ADBF265B7E7EF4B45981FB5B8445A22481006991565A8595A8FBBFAEF364DBDBD04C9137B1F2440FA68AA23E81DD94F4B0DF0DD00BEFAEBAF23F3D624E6ADABC3BC0DB3115ECE636AEC0DEFC899AD2C9866EC0DEFD0B29F0F616B3FA53D42E5E767BA95EF91D80B5F30C9B4A7F1E5435F44EDD21AD4AFA94584E98ECB53D3FE0AC9FCF496AC2104DA6266047454FD63745C7DC6EB21BE35E9B552099C3D717A7A09EF3DBD1B13E6C9439178BDA84F4F94DB630145FC74CD043998143B4CF21500454E4ABF5D06C56DE9353194B62650D9568EDAC65A642FAFC457B77F137BE0B5D00C131BF24846C77B69AE3E7A2987F078FF23D885DD7855CBAB11BEB4042FBFFEA508BD85C762E1ACBDBADE0B71DA0411DACFC2240F22511622E90F5D980A81C44A75203FC33DF8EF43DFC3FCD573915D99A6B7C2342BBD044BE41A866936EDF67CAB4F8E6CA96DFAAC9BFB33140A31642AD95886F09632428580A11762F2AE508F9E493E4C12AAAB72309941AF220F73241BBAE4A48BDCCA02F018928B9D25482274F3E734D7A366611DBEF9CCB78989FD78B27F3B6D3242E38CD24EA3387C7837BD9323C4C97E82E469DCF0F5F722F2BFC298D5518B68230BD3C210AA3657D31B0923D6CDC264421C154C1548B9FBB419A51041750E7116222DFFD06EBEBDD0B56E2B63EDF674630ADFDBF75DEC253A3FF3F34FA36C4186DB9876C230758DEF71E89CCB5E0C5B74CE3D79B60E7532DFED29947455705F7FE0A3861F28C45B5FEAD94075316BBDB97175BD28BC8953C9766FE9C29C99F2CA8349310EF4B3B1B87D9F0389D269C1610B84A4ED7E1ED4E459D590C1ECA59528BD2885EF1FF86F16AB83787A68A71082837B0E8086A168A4F1011C1CDD491BEDC23D033FC499ABE761564B0D2A3ACA115A1A42CDD65A247B588016F06E4B98C436FA2EBEEECC4198B0105B9848BA0883F9F943282C8804643C387A05A955297CF1FEFFC0AE899DCCF72EBCEFBF6E40F9B232CCDE58EF79200688BE4C1E6467CDC01F351368C7E889653AEA106EA047D2904586E15E96DF8DACA34DF87988FB09249EBC732478082856CF47FE9F2F3998B09C14F314040561620B804DB75D67DA55A08DB86FAA358E798D7578D195F5F8CC4FFF11CF608769A119A651FA0E0FC138266AC0D192F619A457B2975E49F32D2B107A6B08E56B4ACD2862153A031275959757D24C377E33DFB3E078859069E36FDA7E19CF274C048F08BD232B0313FEAEBC8ED4F2143EF7FDCF328B47CCB97F1C8FE13D77FE1F842F63416F88A354DE8599285B79F040A299F8E3F442522D59943655A2AE750E43BC0866B5CDC5927F5B89A55F5E8DBA2D73BDE6718690C67B1150751CE3DD7800B11E497E7A8B590E263319264A2FDDEEB277664D41D73C22655B78D7A43B1E6D8FA0A6A30AD98B12F8C4773E6CFA8B1C64A0A73E24320BFA2979258728BA2983C30758E4F6E2EE43DF41E6F2182ADA4B8D67E3FDB657D0BC4213900F9263C144CB3F7481B2752685945D9DC50DFF728339F78799D1FDD88707F8D7F3EF3D482E4CA27A6D3522CD31C43B9348AC4D21D69A42BC91DE08AF8DB29555A8B8AA0A2F6F7C0936DCBAD6F4B57904BFC5795BCF41597319124D499434D31332DE890F93803DAC8D0AA5B958E56052C4618E7787F3D2A17503120B13A595CBC846DE890994D4C614428B5980BAB3A68EA3B43D8B92B78570F5E736E2977BEFA1472294F4624C76914DE491D0392141A08D0707D5E775177A3EDB8E9A460249F39B1006530B87BF54A1B1E23693DE3C98485A7FA161B2E9C31B99CD41E39DA8C2792F81F2B3919FA1F953AD08FD590873BBCEF09A8B5726307FF359A8A22717BA288A3FDE7C013E74D7CD84F0630C911EE5F261BCF33F37A0FAAA0CB24B13A6EEA56A7D853937C62EB2859AC7737671309959AF3C98146305EC3161E24B131099C2A3D0A3DD03CADC0DF311BAA204175CF7063C30F82B3A210799FB3EF40EABC5862F114520517833A80DE32C6C87F0CBFE7B307B49ADE99CE635FB52B287910A89B605D241E5C22ACAF62B11443C907830F9432A1F204165576770D5D50B4CDE07A92384692FFFDF4F7BFC72E8D7B8ECAFAFE4B5308BA1E07C64AF2A47F2D2342E7DDFE5B86DF7B71910EE32F52CBB099203D48F0FDC8E7356CCC5DC6595A86F2A47796BDA34359B34C816E67C70DD0045C09DAC47C94F73B1CAC1E4383031775F15125B407561B0109C2A4DC3C79B8F445E89263652A7AC391BE721B9A214D5AB6799417B5FDAF69FCCF37E463103E4C7080646490E6B134144301999C0E0B88AD97E5CF7AF5723F9B628C2AB4A10DF9CF0FA62D8DFB1521A7E0F15CAD374AA1044AC320D29FCE5BA3F27460E521AB4D88BBD83FB894D79297DB8EFC0FD78D58AD7E0DC55AF44CB275A4DDF9B1DFC7B12DBF0BB230FD38BD989A7C67FC3E5A368FDE042CCBFAA02B54B32482F09A3B6BB0291361630E573CA39E1B99257C29B91693ED6759497E66295834991C3C4A4A1104C6C3AD5BCC93B64EDFA5948ADCCE28CF6B3117E5302EFFDFE07B09D77560DD51B1B1FC4E8E8B03187116D326A2A5DC5936116AD8374FE77E0950D2FC3ACA65A03A6D816C2441DBCEC6F9D204C94EE82F99A26158288954291FFD17E3EE1B1077BC676986B404E59EF917ED39A45ABE0E7CFDC4F646884B4666CD100C79DC687D1BE835CAA42FAB69D5FC2DCAB2AF192F639A85C9D3695AF89CE98F714C3E0B5A375D3814DDEA2FAA7D0F33D15AEA1699283499187394A8349A32DCC810B57A145BA87A1CD952154B6D79819D24AAFA8C485EF7A2B9E201C76B2288CC805196511F249A245FF30FD14AE8CD23883FC537DCABFDDFB39545C9245FD9A59A637A881973C135B487C05C39AA04CDAEC7E268D72F7BD58BB60BEA649852062956A8AA3FECA4A3C83C789D4BDCC29633BE67BBC9F915E9F670FB56CF573FB3EC164620F7DB83EE3C5E99AE91D3B8C87F120DEF8AE37207E5914650DA598BD790EE21AF3A3FE26CAA71DE468EAB0749E78BE3A82CF673E05AEA16992834991C344E92B081393460D3E4B9859E14BAE8A19AFE4ECC657E00B8F7F95F7D37DF44CF6B060F01EACDBB1EC407B98EA12D3BAA53BB306F31D6641DB8765EF598CAA2B2A906D2C372D1BA640FA300942C3D68B04B7493998585BFAF5072F2C4CA2A8BE3283FB877ECA5CEE273418EE0922AA7C569847238C931BB2C9286D31CA6B64C2D88BC6E23E82CAA77FF5399437D7A0A2BDCE74DC8B776799577A1F02889D7641EBD656BC6E0491789B9A980914079319F29A0130D1C52899742A6D369D06282CACCD6133776BE5CA5A642FADC4D6CF5FC7FBF076C26437F3ABBA92718C0E8C60422546F6F081A23BF221DE85E5DA3FC2FBEF59ABCE321DBAA2AB79D75558B581DE895F671284C671616281324D9E89CEC3D1F28E6B6CD2CEFDA8485B18D1D628E2CD71D36C2B55AC2CC7EB3A5E8BFFF7F45D04C91162827F03BC2044523A29C37BB8AE8A68DA6482F6181A61F83326CA703BFFF5D2426734CE379DF6326BCBA1A91BA2EB18FEB532CC79BB3FD05136CA5D3B4A933ABDA9C35B92A287E26032435E450E13F5F3D048564917A5499B75ABFD829EE8489B59D25ED6712E5EB6EC5C426487A960DC3EBCCBB8EFEA57A270C6BCB450650197828C3AB0ED244C3EF8A38F9826D1444BDA3CA6C24CB968BA8A7BA0B000F1A4B4D9E5A482053CA8FCFD7E1F19707425093702CE54764651B23E89F0066E538739861AB1AE8499C4BAB4BD02D5EDF5482E2C45FAB2325CF4D797E0C3DFFB7BDA6044A7DF72D47B6985449D205424BD1F1A527D8A7C13057EAAAA3D88EBFFF91A5437100A8487E63489A8858BBF19EF8822A974B5AA9F49DC84351ABB63B4D6CAB6E63898CC8C972E9AA28649D40C56930416933681C4BAD64AF7AA306A9AEB917953393E7DF7674D4D89DCF92116222D15CA0828E6E5B9240628BA13F7B2D0A892B6F30B3D483669FC890A04BD12D9A13D0892C2E9FB834B006D643A3A58A0D7977A6011E4B84D959CA5EBF58C9F34AADAAB905E9841F9659558F6FE15B87387860DECA70E605C79B6CDE0BC1E744928EFE6C2B0D707F7191B1937DBF70FEFC7AE89DDF87FDBEEC6FC05F5286B28E1EF0820041743A7CC3A7A1E4A832AA9F5AC657A20AA1F09531E50FC4E6CFE98A59305EAA92407931900939C67A2745A98C833613AE3CD29942EA9C0394DE733B0D9675A26D4454B83F8FA463583ABDA6B023051A152E1A161D43CFA309EC0EBAF7F2362AB335E81507D836C204DF1469E7F29CF8935319E27DEE155E1A9D1CAAB588809130D60AC692D43F8AD21CC5D5A839E7FEAC0AF87EE639EF66147FF36EC3DB2C38386F22CE93A104C26B8759CF6F0DD95913E92869F8DF40FA3AFAF8F961AA16777189FFBF6E750FAA71994352650BE89219F0F907837C34EF5B9611AD47DDF784F39F91E99AE1F5F85F255AC7230390E4C4EE5A661F53149B4248C4CF3B0D22988484A2BD358D75D8F9237C7F091BB3E0A3D964275200A6E3C84C86D3F164C46698F23F8C9E07DA85A566F6012EBF22B5EF9DB61FD465E7A9E6F69F8BE00122348D2ED619477C450419533ACA962F851B322858FDE7B237E837B98EFA7F1CCF863D873641B3348408C8D63E4F00046873D6818D997D6F9F9C4100D41D38C1E1EC6C4A0B75FEFE01163B3270F3F8525D72F46E44ADABD991031AD344C8F9AE2B50CDE7C24FFBA31E9A69EAF29189E4F399814394CA26D0923137E289D818B58E36FD465FCBCB5AFC433FC7B74F8318636BABB1227F44ABC3A00CDE72A23F02598882B7C6BEFC09F7FE88BBCBB27106FCA20A9291DF9BB52643DEF442F704150414CAD8B204D4F40F516A1252124E8115CF8F137E0B37B3E8EDFE117780CBFA66FF500439A6DCCFB419EF2214C8C30963BC2CC92292363CAA92C3186E1D1218C8D71BBBD2E14F2A9BE953619EB1F33DE893E521DD3FEE183F8F5E10770FE96D7987E251A413CEFAFCFF460ABA908045B9D07BBF4AF1D8144E15092D049B8F94C66D0EB39C0E4540E73F4FB5E5F05C6E272AD0317AFD26D9E09FC9610DE77E7FB5898F6E0C98127984BAFB7AB8AC4D8C4B0F14A0AC14461D001DAE3ED5FBC1EC92BCB10696238B5512381BDFC1B9BB020144CD7F326A6815E4998E724B5218A44173D35427EDEB575B8F896BF44D737DAF1CDDEAFE0E7F82951BACDF425D93FB10F03EA48C297C21C79695ED83784E1096A98F4F0889153FFDE239E6DB8FDC89123E81B56A736AFB5EB9BFBFF0BE7BE9D4079730899F60AC282DE9B421E3B137F5ED3B0E67349D26E198D5AA6EC340433410E26019814DFA861B9D67EA59E9A5A0369D444C89A00F9CC96B3F0CB895FB22069C4C9011602D5367AA564DC87C951AD39B48B0A99BE71F1F56F456DF35C861351C4D6A73D9804439C82E97A7E64A0662B9AE511286DE6FC44186E50ABE9595E11425DD31CBCF1DD6FC2867FB906B7DEF705DC7BF0D7786C7C079E1CDF89877A1FA455F699161AD9666C4C1D4B6808D9419E89B82BBBD0262323235C303CE28787FBF5E8B111ECA4956EF9E567715ECF6B11BA3466C2C14C0F3DB8F5BEA72898D83A2C1F261A319D692D214CBCA9080AE5AD18E560C20BA578A720608131AD03019830ADFA4C5E49D5EA722CBD7931F4A43D753E3B32DE6BBC119594E1FE5EB3F4FE023031ABDE1D5B752C2F5DF5729CD9F312EF79C3DD0AA7B85401668130F3C71E95A6E74FC61B135094EF1EBDE752401158D471AC2B8D8AADB3116DD68CFB4944169521BDB016554B5E84F3BB2FC0C21B97E383DFFA20EE7CE40EDA6807733CC04B82F4D075214FC4F74634D440DE9C5ABFD4FE65BDB903A3BD7872783BBFBB1FB7FEF2DFF0B2967390BA2A83742B3D38B528296D8248C0339137256F44B3DC7B8FCD78A1AFA1E993834911C32437E45FEBEB0914A58F6EBFFA38CCEAAE43EAB2047ED0FB033C36F6A8B9F3AA66609C77DED1C101E65B25651C0363AA35F16032616654A35732AC51B403F8DDD823A85B508FD295E588B6D32B314D9A7EFE596855300AA5EBF992C9FF3AA6C93C4E83CB42D267EAD7D1A9E6D934F39141AC2D8B786B39B20D35A8BAAC122FB9E24C3C36F43B5AE8102F09BA24A3635EE52BAF0FF921BDE30709120D763C821D633B4DFF1BB583A98F8A26B294D727FDED1D7F8B3A5E3B358DD5A8EAA9F1EA4E642F7BEDE83AA20D35C789D7698D69723099212F1F26C51AE678F364B0C0284D4AA3A44E53ED71645796E2D53D7F84C7F0282FF3FD267F26B3CAF3A89626E3181CCFB5E54CC264A4DF54D4DE77E4E7A8BDB20EE955655EB3701E4C9E8FF9489E5DB23F6191EB102670288D8248DE79B3F69194077A35B253F5B2329C71C52CFC74EF8FE8BB1D301E88810881323A2EFF6CC07450FBF683B7E1FEFE5FD00BD9874726F48CE57DB4EA21DA55F52D7D78666C1B3DB91DF8E077DF8FD0853CBEC6436DAA3169F4D2E29F2BA5D1079B6CEA6032535E793029B60A589336A6C55CA874EDD533552D3CC9C604520B12D8F2F98DBCC0F71830C82BF1F2EA8B7957FC2F77DDC264DCBF1B8F4E78B37B7C67FB9DA86158905A5DEAC1C414083FFF062685D3F57C492182A69ECCB478F24287083451B3997C899E5358690DC236702EB5CF2C7A28B31654E1AB0F7ED1D49DA8E2D9BB2CC6CC403E6DBBE13FFE0FAA2FAA44DDE535B8F0FA3763D5DF35E1EFEFFE07DCB3FF67D83BAE51C47B099C3DFC7F3B9EC223D8FAB50D482F4B9909A84CE5B880A7F94B8C3C2F29D491A60D93DE7554206FC5280793E3C02457A9672F44155E5EA4A742D370AE7E40E96AA147D21347E9BA344A572551B7B812DFDAFE0DDE3BF7F3DE39E0551EAAAF8417DD98971997C3A5577CB8795877656D1BA4250EE0DFEFFF3CAA165523D9A00B9F85A0004CF2D3F47C4ACFB0C9344750D61843595304A554A6398C346D91D4F89876AF19561E54442199CE9DD2EF9F4F6DAFEBC8A27A61193EFEC38FD252FB085E4D3C30C6EB41FD6C0EE3E18987F03FD6BE162F6A3D03D50D55085D1C42F9F26A945C1447F9C5D538FBE233B074CB6578DF17DE8D9BEFB8013FC10F712F7E8CCBFEF13264D79423D29EE039E275D4E96BAD2FAD1386E63A0AE4A998E56052EC30618131775ACDA4C63B5F455716A94551BC6ADDB9789277491590C18901BAEDCCAC5A26440FAE2AEB5A5575EC9019E547B88C688BEEC94344C95EDCF2C34FA09230D1BCA7A7264C42044718A504882490640812C1C402C5F6E70842C5808552A7B1F2F6947946F25F7DED7F33C7FBB06FECA001898619C8D7D8FA2F5B11FA8B10AA3A2ABCC9B3178550BB65B619253CB7F34598BF720E5ED3752E326F8EA27C611AF33BE6E0C55BCEC205375F80EAF5B5A60F5089602270A82F9099B1DFB3A1771D1D9DAF629583C97160724A8739BA20E599A8A58005470FCB2E63E1885E1EC28A0F2F627CFF8CC993A954543EC50A724375AF16244198A89E403B6AE6353DA8FC43FFF54194D3C389EB593272D503F957672BC1E4850C75F4DB763E593BDBBD429C296AF79E552379E9F5A0625B55922D31A41727D0F9994EE698309938647C1355B0DEF9D8F790BD246BA67754577935F126AEA6A74170875A0887267EB739E54D3DB0328CD91BEB10E7368D222EED2AF3C7E5A81F90460A7B7523C67E01CDA42EF50E26C50E1302C4A48F054903CC2ADA52485F11C147EEFA00BD925DCC9526E86026C5091F26AA7B3510A1010C504CCB0EB78FD12B516B0F61728805EB6F6EBBD1C024D6746AC2C4DCDD9526DBF46ACF913C2855C49ACA4EBF8EA280540FA4A7102616C7B1E0FD0B4DE5EA3EF432D419C503FB1E46EB4D6B50B6A01C675F7F9607908DD4BBE859D0CEA14D51443713169BF91B7ABEF275A53C26B737D18B79478D37E136BF6341E28D61E2752380483C675A7ADB0BE7AFD8E46052EC30513772A6494FAB8BF2429ED55E85DA4515B873D7EDA6BE44F952D3B7097186986502C586388560A21EA06AA1D06441377EF37D285B52EEC1448533987F73872F9CAEE74B06260249B097A9394F3A674CAF99B43900930E75BA9B945A542AD65622B12889375EF717667A86A709E0BDCCFDBFDFF745945D5889FA96FAC9265E4D762460E877B4AEDF9737743D7F834B236D236CE21BF97B3C3793D7880F0E7EAE1EBB162A0E2633E555E43031E9D8C0A51E67B93E83B2B632542DAFC2B94DE798E98FD447535DD2CCCBE4D35BF560E2B5E4F4932EDA63709058E107EAA0A5C99505930F7FF76FCDD07D8D3CF6EEF47EFE5998CCEFAB2B7B5E9A9E4F997363D3E49F17AFEF8D279DA3A9D2633A27A530A4BAB51AD52BAA3167F53C3C8247710FEEC52F703FCEDFF82AC417C491D598A436862AFA2DFD86AE857CE57E5BD785972E293FBD39A01CA542FB169F1C4C8A1C26E68EACCA46F5F66CAB3615A6176EBE88F75735096B421F9F205A28BF7C79AD3882C9E851305198A3595F05934FDCFD7194D1CB49B6667817E5DD57BFC78B5FF630BFAF3B6F5E9A8A49A63FCE8A32542CA9321ED8CF8991DFF0AFED2BED082F0EA39C70D6F40E8289A67B98F4C478FE750D50330906272B0793628789D2C465A43D66268DCE32C65FF3F71D74D535A7E9B3C34418D1B03FC1647898FFF3F389718D50D1E332F7E19F7F79AB296869F597D07484CABB5C79BF00BDD061CEC92ADE1E4566751655ABAA50BABC0CDFC3F7713BFF4A1B4BCD83B76AD6559B6109828E83C9F1E560721C989CD24DC34A872EEC0D0C419A4B8C67527A79161FFACECD44899E0533581026EAACE601454DA05A2ABCE10EFA7C42701934F52DB73DF90D942FAC4482AE7E646D92F9E705A3DFF57FDFCEE151ACD2140D99E60C2A5AE8993455E05F87FE0D6FFBECA51E487A6ACD930F636D31B39F3A039A6714F9DFCDD93E70BCD35D0E2633002611CDF4D51442796B15CAAFACC0971EF9F2EF0D9371FBF984D7CF4430F9C9E11F9BE3C5571124EA2B619F03E317A2628789990F86C048338CD304D3AB6F5B6506346AD2E9F2F5E5A62E2A0892204C9C8E9683C9716072CA873972B5D7B350ABE3564319EA96CDC20F0FFF9028383019E6E4F2E9E5390813ED61DA72B48FA8623ED7C44807F0307E87FA25B34D77FA90C02A98F86195C29D620F73CCF96B2D41A22389488BF75810CD62AF9046D33F66D6A799476FF67FAB82C77132723009C0A4F806FA312DBEB7A4C98B532B3338B3F145F8F9D8CF4D6F4E3D544AE098CCA79F67AE68BB60A2169D1C4CF4E42DEDC3ED1A95B28B7FE7AE390F556D7528114CD47BD37A6784498C1E8A2EA242692B16699E56C9148645F4EEAE2EF3EA851A35E152724A61311250022A74CCD3550E262A6B453B05819F265EFCBABBC69725F1B2F697E237F81561B2671226028488A1A581850713D58EA82236E7BD68D4B0210B61327ED000E90D5BFE0CF3D6BD0811CDDAE657BE1ACD109884E56D295F3AAF72D5D56F87EF4BB7A64DFF12B34F500E26C7948389CA5131C344E961FA22AD8CFD57A4F192D617E3093C66F2A201F4268302C83161A2616D3282BF8F0975D46CACF139FBB1E5F35B51D7546FEEDAE94D59AFC72DEFDAA51BE9A9A887678174158B8CFDECB9D532287DE6CBB4DCF8DF713039B61C4C4C012B6298484C935A1D320C735EDEF6523C89C78F8689A965F5E5AF1484897ACAF2AD6A53748C8FFFF813C82EAE40664D194AD678F9D51DDC0CEFE71D7CC6C0241F283ACFFEB9F6CEB7F71D079363CBC1C494ABE2AC80D51DD3A4659DD701ABACA10CE7AC7939B61127BF374CEC3E8209A1A24982648F1F1CFE21B2575562F6E633BCC74A74C710D7AC6E4D5CE76F174A57B1C8D84FE7331F2001884CF6A6B512402655E8B8A7AB1C4C4CB93A364C8AA269983049AF499A349FD7A9AEF44F99BCE841962683161436D4F1325D18261AACC3A55A74D40FF629FE9DDBF34A5476549BBE2C2A50890DB40B6122EFA4981FD560CEAD6C68CFA95D1692DD9FE73DA842C73D5DE56062CA5511C384CB63C1440F713019B4A0C88389A6261825340415B3C91F0C6896DCA6D9D67662171A3FD382D0C21264D6959A7A124D24ADE7BFA8FEA4D89FFB62A0A056AAE0D26E0FCACE4592079842C73C5DE56062CA55118739BCA805138D1F295FED85394F33CC515E94279341E5310813CD41C0956787C93834DDA360F2C9DF7C8A3009A36263A5F148D4E2915E1F316382BCB9410AA7EF9497A9F7D01401529CE7D45BCF0F65246FA0A3E4853DC1F0A7E0B14F433998987255DC30D19076A5B5744506AF687D29FD92C74F1C26726614EA701FCD04ABC7647C7FEC2ECC5B3F1FE9B56993677927A635875029769868F2224F9ADCD95B9F04CC24587230D1E335AC1C4CA6C8C1C494AB22850965D2D31546A43986CCF2345ED1FC626CC3A3E8C57E2262C0CBA32062A5FC9AFF46F9912642F261A2FD041C01454BBED73375F554BF87F0302E7ADFC588AF4879DDCC354A7963D4F4C72838D0CDDCF18F2DA5DBEAA8EF3E9F625AF4B0B249A0487A6F6152C83BF120E23C93A3E56052C430F1EE9414DDF36467D68439672CAAC5FDFD3F6688B28F28D02C6B368F94F24BA98F899EB9AB31380289F7DE5026B78F24F60C71BB9E5AF78DC7EE40C5E535A868A9312394D5D7A4646BD8B705D3E383C2743BF70BE464A19C3A8F48EE2E4F9D0A4039A6F2F6555AF395BFCFE92C0793628749B7E61989236160528A798BAA70F733DF224CF66068E290C9A6CDA7265CF31C14B5E408247A82DD244CB45DBB9A9756FCFD8FD03A4F33E0794DCBEB51B5B21E65EBAB3D5B682E15DA2357B07205D182C47B0EB2A98FF065A67F0C00C515C8992307936287490FBD84AE04E21DA506267309932FFCE2D3F44976410FAC301E879FCFA361E275B7F7B811F04EF4F2369A85C61EEB21DD1B3F7D0DE26F2BC5ACCD7350D2E38539C636B487F5503C79B6097A2339AF2428079319250793E3C0E4D46E1A6698611E7F1943BC338DF2C60CE62CABC207BEF9BF99133D3BF7B001C7643EBD550F28AA2BF12B68CDCBDF41AFC0FE43837A860C78A401DCB5FB47A8595C8FAA35B5A6376CCE363E4C724DA6C63E12D367A47D0BEB85B6A1D3F4C9C1C4149A2286895F6712EB4821DB528AD9ABAAB1F69646EC6560D2CFFCA8BDC6E4D397169330316DC0DEC61C4C28BDB7ABDC59FB1F30CFACDB8F868F352171650AC9D63462E6E9744C87EC13543E5872FD370260F19F25E3603273E460620A4DB1863954170B280BABEA25322D69D43554E24DEFFC73E831956AD1B18FBBB470D01BBDCFC1C4DA20B8939A8EFD554901909E74778016FAE6D3B7A17EF95C645767116D897BCDD316B4F9B260F15B3D64B35CC8A33A142E5F681B3A4D9F1C4C4C81F160527C03FD04137926BAC347906849A07255295ED2321F0FE07EE6671F73A57A119B4FCABC114C54F1EAF72F91EBA1ED828879160697767FBF9978607C809EC95EECE6FFDD9F5B87B285654837A64CEB4DCE23912C4864AB2950517A2761E255CC6AFD85B5A1D3F4C9C144E5A768A720104CBC8ACC507B1891960852AB1228BF2A837B467EC4A2BFCBF462CD8DBD1134B434AB7930D13207136DE73AFF8D0DD07BE1B26FE008FD12CDBFB61FF70EDC8BAAB756607EC73C33C050DE89D53181A2CF8C87E201C5C164E6C9C144E5A7486122A9806AA630D3C5BD3B8DB2F62C120BE3B8F9C737E3196C37001861EEC68798591F1A6AD5E91FD1BCF4A205B7C9FBE0AA8189DE0460623ED7A4497C69B2A5433CA23C948F7EF72308BD3184D2E6344AF4D029024D6376CC7C27162A9A68C802C5F74E1C4C66AE1C4C544E8A34CC91F4243F33E08CEBEAE69EEAC820BA348A457FBF9828114C0E130F9E77C12C7AE2BAD73CCC571026E63FBD515D8A0F147E3E314843F9DF115074CCEF3FF5DFB8EA8685082F28C1DCABBDA7DE85F9FBD5D754980E6DEA259BBA263E693B1F285EBA273BB69D0A36749A1E3998A8FC146905ACA4B131F200623DF44E5670D99542A2258DFAA6B978024F32470788071244F91CE6BF5EFF615B7C3B384A681C05136EB3B2752703FE17F8D2C343FB31C060673FFEF3C1AFA06A49156677CF46596B29424BE8A1B4479152473A7928B2956C67750C9814CA9753F1C9C14485A5489B8635FC3FAC424B8F20AAB94CE90DA8B935B3AE02B1ABD2F8C6EEDB58E4F7A27FFC10F3C88C0A1A0283CF86BE218245DB0230D1781D75B5CF0DD2D1760DFED317A8A19161DA6A944019C253781AEB3FBF1EB1CBA3A86BAE4559739999DEB1EEEA1A84DB99168D30B6218F95B11DD34FDBB94747CC2C399814394C22F44A0C5098AEB006DF112CB1B51994B7D4A2E3D62EC2640FFD88C36403E1E0F3411232F436E79918C668C6FA2123AF0F8A0F13F55A937488617E8FFB6ACCCE41F4E2413C840BAE7903626F89E1459DF351D55E855863941E4A04B1756AB6F66D560026AE8FC9CC9283C97160722A87390A7162F400A2EAD6CE34C5B6107E0D5CA78752DB35172F6E7E29766207F37684792518FA490E8183341818336385731E876CA13A11D96198F8115072AD3DDAD18789DE8F51431313B4D7208FBF07B7EDBD1D6737BC18E9CBD398D55287D09521CCDAA299D968270B120BE39CFD980717E2CC28399814394C12F44A4A5868231A74673D277A2BA56D3528BDAC025FFDD5573C988C8F62E2E0400E08478615ACF8F9F761A2C75EA85FCA900F13E1667CD450C6FB9E80E2EFAB069E7E7EFE04B631D8D9811BEF7C3FCE6C380BE9AB52C83464306B538DA9C379369818A038CD18399814394C4C88D348A86C6588438F24727592698C21B23A89AA6575D8F0A91EEC1CDDC6AC0E60F030C31D935FA0AF7FD06BF1F525530826EA312B9CC81E82C9E868C03B51558AEFC9A8EE566C39C48D4F61379EC15EACBF75336A97D4634EC75C53195BB1A9CC838905890F13DB27A5509E82B2C0793615FADEEF239B969CB4CD57A1FD252FED5EFA734FFAA3F41DAFEF8F96CCABBF9FCE939E7E68E5EDEB29FFD8C52C071353988A1326BAA84D9A7A02625AD58F23D592364FF79FB7741E3D876DD867EA4EFA98655221976FCF063E1F0C2F3CA068448FF76747154FF98EC42FA8BF8A5A8D9FE9EF336D46FA952537AD46F5F25948AEA287D295424815B14A97EA4A188E9530BD9A194E15B4A9EE28F3610BA6A760C1B605728A647F2BBE7FB6427F3C99DF089E5B1F760608B93E31561E60CC77B88F964A6FA4B104B1A618AF05358313E8C163711953DE558F45D0576DC820DA1E368F1E8D6E2845B8276D8E5D286DC528071353388A1326A670E962DD4029CCF1D3A774255B93286FCC9A7A8C0F7CEFFDD8859DCCDF61F48E31E4E16BAC9F191757680341C4C2C45B7A8F0ED59FED8F225349399B69A3AF316EDB333484C7877731E0D98F2B3EB008B12B62E661E0A96E7A4A0DEA731243E93BB8BE8C696421ACB9AE12A1C54190284F1E1C0C4C4CFE0A681AA74D2C08136D33C71540BCAEFF9E7CA0E8735D03B233D39B6E4B20D596F260A2CE833A8ECE897F3C4DBC1D2748CED85A81D0652194AFCBA07413D717689F8C396EA1B415A31C4C8A1D264A9B2EDEC005AC34EBE1DBEA9D5ABE2C8B57B4BF8261886A36769A4E6763EA3FE251C3D8C0C2627229800824939E89556EC50245C7E07ADF909A8B47889283781C4FE0E2F7BEC9CCFC966C49784DC42C78F14DBC73CB7EEAD4C6F02CB62161D26AF2636D19587A05F8D9656D7162A2AD742E7D996DFAFD0EDB4337A8A381A2EFA73AE3A66F4D688DD779D040AE47D78C07BAD0F210EABAB348AD24403B3306A62FFB9B7331F7BD2F31EB279F8753470E26C781C9A9DC346CD2E65FD853A4C2C1CF12AD11CCEAA846EAB2043E75EF2D84C93366ACCED0F8F01410E40021E55605110B9349A0E456241D438E8E2A4F781CF5B4DD33BE1B9A84FA693C85B77DE05284DE12C2ECF5F5C8ACCD1A4F44A14EEA5AAE33C431DDEDAD1D8FA90822EDC796D9276093DF476A5A574B98915AC518824479CC685B8CC74E4C51893F6582378D02D3AD6B808A288C533E241EC7F34E081FCD31D31E47A6318E33D656237E6508D95531347F7335167F6DA9F14CB26FAFF5F29F97AE6295834911C3C42B6C4CA3A4394394B6403A5558922D31CC699F8597B7BC0C4FD26338C43FD5891C3ED8E7C144403036A02C24CCCB6E0C6A7217B39B368DF0107B49141EEBF0FE3D3CDC00817598BFF5181EC1EFD0FE9976542DAB41E88A1294ADABA647C250672D0BDB66DEA557C8962A9CBE2D7D78E403C41670498F41B5D2F693E9F826FB245AC30C09A9968839DF52AC35C1DF9252062447C1C40789916022F1787AAF90481353C79A1248AE4CA2B6A112B31BAA50B6308A4DB777E20E7CCBD4B1443A52A62EC5C164A6BC54224C3929CE3047BF1F6B4FB350A5793219B3AB4E4169B4218FD2CA10A3666D05E29744F0891FFDBD19F57B604CD33932FBB6A9370814690A2DA6CA7E643EE67FE387068D67B2E7F127F946741AC1D0442F768FEC34BFB59DDE50D73FF5A076D96C863D3548A8972C5DFF10BDA6D84602C54C4BE0872C26C4B062A1E4525DEE15B2490A27AC926DDED2B4A414B2CD73905A56926D11645AA346A9D6B879FE903C8A587B92BFED3DFE4212247273D7DAD61AD9970009F3FA88D2DE1A27A507C84757D32359CE1073491699B7C6517D65161FFDC54D7808F7E32D1FBFC87868E59B2A4D5D920B7366CA4B25C294110F26C536D04F052DDE9AA1B2E6C23717BAD2A8CA584950D145DF18427D6B2DFE74F3EBF1AB815FE11916F461665C9DCF729CB05039CA5309EE3419F26837B38D0719DC7FC02CFBF6EEE3261E7774989F8FE0D098A6533A823DD8874FFEE816BCA4E515482E2CC5AC75F350D95D630AACEC682B57A7E6CF2F64028AAF183D162BD3C3964BED33F57BCF5D0626ED250449042942C5024AE0F2EA487C7858D98A5F5D0FD65BE532429B27BB4B90E0F7120C650492FA15B538BBF14C9CD3F4527C75C797F033FC185F3AF079C417D19B5A1146A22389D4C652FEC60B7B0D4DA71C4C581E8A750A02C124D992458A9287620AA6D2A8D69D8DFE92402969637CDE9446F5E22AACFFC7F5A692740F0BBA8012B4C33115008A60E255D06A5D9E882F753CE12E8387FB73DFD3BE1A14A856240D0CBC7DDBEDB8F0BA0B917C6B0295CBCA51D65C6A0A6EA1BCE5445B7BAD3D9EBC3E1B9E4C056AA1EF3C4709447185820C53E26B5469EDF703E17603380B8E6793EA5B988E0CC193698EA1746902B54BAB704EF3CBF0869E3F66A0F7007E4B8FE4313C8CFFF9571720B924868A8E729E2F7A922D2797FE534D0E26BAE88B182602C931612229BD2C78F1A608CA96673167E11CBADBBFC3E363DB54158BC1717A116313181B31A5DFD8A3779F0606727D84FE8796DA6E563C80D8961EFDA9FE45125CCC4B8BA087C3EFEE3DB49BBF75C84C23F9040BD5865B3A7036D351BB388BCA4E863DF40E545FA239655590152E9816131636D327454054BEB44DB6E7BAB699EDE65C4CB58BA9BFF095FF59500646044982C788F3774AF85EF60AFB10367521161AFA6D1D53BFB781DFD5E351B5AD95DFA5D20D11CC5B5383F22B9298BFB81E37DDF13E3C854799DF47B18DFFDFF8831B107A7308552D15C87678CF6C8E76CD1CAF4472303165A4986192F161E2870C4AA3421CDF3329B99A4BDE3D539D09A456A57066DB9938AFE57CEC302D2ECF784DC534825A78F61F3C8009C53EB2891C0E631B4A76F281E27926932051977A4903FFF4959C4D034E8BF7DD113CB9FB21063DBB09955DB8F3C1FFC49B365F80E815252865E10AAF0E23B490E96D62216308239024D727BC1612DB5A42DBC7B7103A5BBD3C993E2BE65C4CDA240892E3C1C403117FCFC282BF69A64E1048B6F82250A2D726907C47DA3BA6D2B72E4AD1B35815424557392A9BB398BF6636621786B0E03D97E0277DDFA727F20076D2C27A88FC77FBBE8BB90D67606EE73C2457334FCB092CE587BF753261DAA926071353608AB302D68439AD692AC3755512B2102AAD2A0CB6DE445061C1CBAC4F23B22A8A9AE65A842E0AE1BDDFBB9117FA0E53A77184385037FA2323473034A2F90618AEF40EF8B609882F994CF0F1C6F18CD2E3F0D46FDE7B0E89BF9307927EBED1525320983D8EF0A383DC7F077FFFB778F7EDEFC4D93D6721B5288EF9DD734DC1540565696B0A15DD654874C690E88922B1C1CF9BBC058184A04CBD5D1DC5BC8A4F6B935CCB82F6A182F6CA97F17E7C4895C8563ABEBC132B1EC74044832797D283E94E7A0F6F5FCD6B627909EABA6621B338838A8595A8BDAC0A9FFDF92D44E553CC97BC9187E98FD003C42378EB8D97A2744919328D65C876969B99E9744C8DAA2E94AE629583892928C78689B91B0920BAD0245D80E642F39B32FD8BF785909A45BD264C355FB2B0A9D952E9B369950416DE4D238CE9539D2984978571F6E6B3915D9AC5D7F67D1D7B197AEC1CD9C9C23D400B8CA077B89766A151641BCD35604122691B5F368A519D8B202209414245CE11D1FEDA894C321F98638C6062B48F8BC37C4370F1B777B3E8DD831FA3EB739D98BDA80EF356CEA6F7341FE9C5292497C509950CBD155EA80C0B14F2C43647512240EA1CF8DB4C2B8A0F14D9C58244CAB75950E61882936CA61B856C25C96EFA4C5E0A6D97DE942544AA0D8CC38BC3A86AAC467DF32C542EAAC639ADAFC28DB7DF644667EFA59E187D801EEE76E64C9D049F222CDF8DD865499CB9F5A50640F1CE24521B92E6B849864A85D255AC723031177971C224D82F43EB26AD4A5B40613B6952A39A23CBCDA4D3BACB967756E0BCABCFA333AE8BFFB081CADEF1FD06290A617240084A1B290B138143ADCB92D6ED76F35D7FDFE077077A0F636C88D8F127AD3ED0B7875ECD6116BD6DFCF57DF8CDD0AFB0EEE36B71F6E2B33067F11CD42D9B85EAD5D5286D2843B23965FA9998BE19EA41CBBC25B624110E80C4C2447A2E3091120AA5642B3FEC30EBDD11447A12F4440834BFD76AB6B11CAFD8780ECE6C390B159756E04FD6BD0ED7FECB3B1828EEC77DFB1FE095D3CBBF837CB7DD8471BBE893DCBEE3EBCC432DEA3AE778C7D85265A6B734D791D257203DC52C071373B1176798938B55FDA6D5C9E655D5E578E9D3C55BF30E8636BC130A38E6AEB8C2AB8F285912C2CABF6D30205123EEF6B11DC64319A09F3130EA853B5380E043C14243329F5B1DE365461EDB17F71BE81BC460BFDC1560D79E6708224D793D84EDFD4F3315874D517CFFD73E803FE97C1DEA16CD41D9926A943754A1626D0DD2AAB06D2220999F50C7243CAC0AD9E998D2F9EB881222B45D1BD7D7F27C77D13EAD3CFE2A1E9FF6296DA9404DEB2C943394495F548AD7AD793D6EFEC687F0E0F043C666CF8C0A2372C034DA5A4329F751BBF1DBC19FE1CF36FC09328B1886B630746BE5B9D039B23725A65F7D53BC56AA02692B42399814334CE42559AFC9A4CB0389E9F0B5C693BC9059EF98E58185717A747D1415EF2A37DB6BB7D62271611A377DFD66DE479F341E4A1FFF5487D23BE80D08CCD948E4C88389E18738A1B94EB4F43FD74AB009D9D4AF4C8CA16F6464F2BBDC6FB08F5F9093D2CB2DFE01F57C9E03139A53FF08C3843DF8E633DFC6DA7F598FFAC61799AEF9E1156964BB6A50B6A116E9F5159E3711F04264171BF6A8B524DF6653249B34F2FC36D256ED19A4BACA11EFC822DC9C2400CA51DD391B15ABEA70DEFA57A3FBD68DF8DEAEFF36E015F0342CE1E0482FAF1A40FDF694FC0387F62A502452F662E3C73A51F1960CE6AF63BA17104AD713E8F4A84ADE4E4F48E78BE9D58862079399F2D2855FEC3051DA9E0526150C6DD47A90EC494DEE4F973EB299F962C830AF751EEADE568B5B7EF44916DD5DD836F69429280A7506065854641F8142A585EB8280566DE759F3D97160A22922B5AF2427E5C8116E5329B407D2BAAD74E1F7051FCD31BB9F48D9CBB3B29377FB27193EDCD9FF035CF7AD77E3D557BF1ED94535482D2E47664516E9D569A41B32C834A59169CE987A964C5B294AD71010ADC963AAB4298BCA865A942DA5C77355159257967159419BBC18177FE0326CF8E2167CFBC09D7884BFBE9B699027B2677C0F7A277A9974B5668DA3776CC2247DEF40AF69193BC2BD367DA40B7597D0A3595681D8CA18BD417A53F272DEC33047611AA15EFD570421BD1F079399F22A729848A679D3A44720F1B72B5DBEECC43D47ED4FA9835675172FF44B427851CB6C7C63C717B10D8F9AD85FA187B18D0ABB85050BBF2DFFFD54DF84A0C197FE332BDECBBE9DF2998E6568E24BC794B4CD9C03CA7CC15B781E8D9A9C474CD875806952CB532F4127AFE5F1812771CF8EFBF0A16FFE1DD6FFC3665C72EDA5386FF5F998BBF00CD45E59878ACB2B91B9AC14D54BAB51B9B8D23C81B0744129CA1694A36A5135662FABC7994BCFC6050D7F86851B97E09A8F5D8FCFDCF9CFF8C1933F327D70040EFD8E7E539EC811FEAE5ABC4C93F82853452F4BD03BCC6D0F0D697AA883C4DD1E5CFF95FF8D39CB6723B528699E61A44E79B9F046D74F0EFCDE39B0E76526C8C1A4C8617272625E18BB576F2C45FDDA4A842E0CE1274377D323D88303637B31A68A529F1EE3A207D7E599F48EC873F01C097D2C2F44A62C24F39F85453E4CBC2F1FF7A54E8563636366695FC3C3C338D4AF706384E74D5ECC61E33DA861F681F18770F7811FE15BDBBF85CFDEFF397CEE57B7E2FFFEF65FF1A547BF84DBB8EDAE8377E1BEA1FBF0DBE187F83D3553CBA798EC802729DCEA1DEA33F8B0F953DD8FD261DE50DAEFD1B1ED789ABFFB0483B2AD5FB90EB31AE721B982D0EAA047A87A2ADA59D78BB98624AD9BEB2700FF19220793D31826BA332A2F31CD10B682214FD75C94BFAD1C3F38F40386177B58C406D03FD81BB0130B1409324618F8E5C99717D64C86361E272C2BA4DC6BEA178FFB0A02442FBDB7DBF4FFA1617A2AE36A1362E1A7E443C88BD9C93FD503EDE19F9E8F2CD0688C9069B5A204117552F46A88FA4C5E355DA5B032383188C1B1217A20229EFF43CABF9601ED1B3C683C9207F94BEFBEFD06CC6F7E31A29727915C95312383E5151A1BEB9A290093E2BF194D9583C97160724A370D9FA44C3E78F74C5F57C10B3B8EC8AA185EDCF352C4FE328E3B77DE6980D2CFC26666AA9FA06730428AF850112946F51C62BE82309904CAD1CADF4F3ADE2B0813AD2BBC900C54B84DC092A333C8630909BD26C57D261CF24294A0840E2F54EA354B6DF1F023140DF1DD287D116FCC115F36AF3624D33A7F7464640CC394F7ECA09DD8F01F57A366E96C542CABC5FC8D6723DE983415DCE90D19CFC6162892B976687FD3AC5FDCD74FBE1C4CCC05731AC36493DF776363CA5408C61BD3386B3DEFB07F19C5E71FF8370265178BDA6EEC1DD84133A9572C0DA6B2A61847CBC9B2EEBF2C28141E4C8EE3D128621554814992BDBD82AB13F0DC5ED62B19D7C864861B1A5344C6E50AB9858BC20F79175EF8A2265B1BBE58B079FBEAF7FB8D77A2E65CE9208646FB303CC86FF48D62FC08F754EDAAF2498D112823A35EEB948EA746E18DFFBA152FEA780912576650DD3E0BA94602647509621DB4AB5A9A8220C983C94C7B089983C971603293C31C332A7673DCCB5FA3E669AD40A88521CFF230CEEC390B355755E2FDDF792F7ED1F753169B7DB4D161DE9119F628D65101534DAC5F90A7C8332A658132E2C3C48264C0979ECDA3FD9EFD650192FFD26338CC9C2CD66B90F8FB028C19BCA8C969EDCBDF3EAEA40F100687C7D0D7A7A18E7AFA8F97374DEC6432A6E3586F44C7E7267D77606498FBAAF1B70FF76CBF17D77CE65A9CD1741642574650DEAA7E3055667C51B82D8CAA77043AA80564EB4AECB40A85CE4BB1CAC1C45C841E4C8A6DA0DFC9CAB4326840DDF5D5F44C12C643496F2D33DBB29D59842E0FA16271066FFFF2663C30F60BECA74B7F7062370B9DE7968C0FAA66D6DA3020D9D5C86E10542C50BC0E6A27E2991CF5B2E74FAE0693A407ACE7267CB23F6DA1E07B1746761BF7131A8679DE4D95B2BEACD1D3F246FA7C697FFE8E3C11D5AEEC62E8F75F4F7F07CD1F6946E6920C2A9B68BBE5BC1E1A23668E9292567A25DD312436D19EEA556BAF9D678149F09C14B31C4C78EDE8CE77DAC2A48B9E885C5449E35498BFD806BAE80C79AA375722BE3C82E48208DEF29E8BF15FCFDC4EA0EC63F13B8CC3E36A3E5649F36C68142CC456B2B1FF2618FAE84FCBDF172636C4D13933AF42BF293169E3F440CCE71622028D386825A098FFE4917069F7D57E12D715DAA86A56DE08833D3397EE1F6F7A2D9257C450D55286484304999E8C0959D47F44DDFB4D68435B9AC183F6BAD13564AE1BCFF6C6AB2DF2EB275F0E26BCDE4E5798E8AE38E50EA942A0FCF932EFE9AD68046FE9D28C199772DD97DF85A7E9A1ECA1AD24953DD9D1D45D04A50F06B9A2B2AA01837AAF42EE33400B7FF5245F961EBEEC8125BB59E9211C0417792F1614E633CDD9A26917F45E8FFF509BB7D2CCCDA3A3E33834E2F532F92D1EC4BA5BD7A2765515622B4A90EE526B8DD74FC4D853B6B2F6F3BD901C44A4DC75E3DBDEC16486BD7217DCE909133B07AAA62ED44C639A312C0794407E059B585312B1A529D4AD3E030B3EB8045F78E23FA167E4A89786C6A5A85252E6D46B64601013432AA47C23A9A0DA75DA5BDD57D4EAAA87A09FDCCBF3766C9D8CF57CBC93CA170F3F32348CF151FEB07ECACABC9410A6A39F64113C6C1AF956E386D434ACEA5B0D31F8E77B6FC585EFFA5FC82C62E8A219F6E5756CA234DF89AE0D6B33C9C2C3DACFBED73E0E2633F8A50B2B0093D3AD0256D3146AEED30CE37C0125A63B6D3E4C34A08E8A75A550B9711612ABB2082F48E0556FFF136CFDF23BB18B618F7A8A0A2BEADF213BAA60AB748E0E327C1866299567C2B0627C6002237D2CEE0A3164F75CC13EB19742A460C5AE07150F285EF834296D1B1D1FC2C0681FFA468FD009E92530544F620E64A44E7AFA1344F6325FBF1B7D18EB6E5987733BCE35BD84A32B4328DB9A3220B17098028C42B2D78B15ED1E54A1F352AC7230390E4C6672D3B079148679D443C83C005DCF8F31790BE437BC25EABD573327C1A3C73FC84B89AE8823B9308DF3DB5E837FB8FBD350C73015C01D9AC763F8697A2B8758B0FDBA0819D9165AADD20350E34C81069ADFEB2560A812D78389E79DD87A182BDB18AC6ADFC1093D8643BD51D468AC961CB5288DE0C8781F760FEE210C0F184F440F2BBBE9B69BF0F2D52F43FC9218128BE3C8B4C4915A17F1EC23694E956B290B8C7CD9FDF245BB0755E8BC14AB1C4C4E639848DEC3A73CB098BC2A6FC1FC4A7A429DF2ADFE2854722D0B566702B15551D4B7D49BE1F9175CF3067CF2E71F37F39DEEC176164ACD55427F656C0F8E8C1EC2D0F8208BF464B4A328A8B77FCC9C82137D09165E656E1022535F83C3431819535B8CD78A2480A802597E943AE5D9B95CD43B56D3587EF4EE8FE1E5ADAF40F8E2306A5B6BCC6CF3655D69946D487BA39365032DAD47722C70C8968594B75FA17352AC7230390E4C66729863F2665A74025A9727151E7A25253D61A4B626CCEC60E63DBD99B486F837843067CB5CD4745499F95CFFF41D7F827F7EE83378120F112B0FD1A6FBE807787D4F7BC7E9174C4CCECAA67AD0938389054A0022DEC649F90BC1440DD2EA36AF6916D40356CFF579188FE367F825DE7FD787704ED72B11BB2C8ED9EBE662F6666F42A3845ABBE49511B8314235B521EE151CE65BCA55BC9A6B626AF8127C6F65F70D7E27FFBC14AB1C4C4E639818907453F23CBA09092B8DD5915890B26FAFF2F653DD89097528CDCBC1C255BA895E8D667257A5E48A106A3755A2B2A514E13785F0BA9E3FC2076F7F0F1E1ABD9FF7FBA78C2770844559A36C0FB2F86B422141455ECAB4BC2C3C82EE8FC4F3AB566455D39A9EB13CCF07F9F744FF93B8F7C07DD8F0F92D78D9FAF310BA3C8C6C7305326B32085DC1FC2C0DA1EC9D194436FB795E4D09ACB2C34A82B43985BA8DB5A672DA82C256AA4AA6852C20BB4F0E24BAA61C4C66D0CBC18479A20AC14477E4B5943A5ED1AD8F30CFAA9C8D5149DA2326375DAD1AAA3BD0BCA97CAF6366D7A650D39E45D58A0C2AAF4899C73E2C7AEF02FCE38F3E85FB477E85DDF40634386E07E1A2A53C0575829B2AB5CC04A5A69642B27523932C91C4107DAAEEF36A6952EDC821FEAFDFFEC9DE7BCDB405976C7E2B2ADE5C83E8E571241BD248B7979A67D968AE5C3D603D6C2B59954F9D7F4A932DA5D72651D699455AE36FE8B968CE9820486C53BB553E4C829E8C83C94C7A9DE630317913508E922E7EABE077040C16205FB96664D9C7D885FBD0267AD29E9E8EA74ACBB2961492CBB9EDAA10AA1BCA70C15FFF3136DEDE8DCFEFFFBFB89F01C65E7A2DFDD008E57DBEF6D283D9C56D9AB54C03F0F6F1CC1CC4C8847408A3E3522FC6C67A313CA6AEF00A59D417E400975AF3460DEF21389EA24F74DFF8AF71EB235F40FBBFAEC7F9D7BC0E65AB6621BC248BF0F22C628DA588B7A5CD9C23663229FF7CDA9617E5C9AE4BFA4CFB784F15D493FF4EEC1A3050F155E8F3629583C9690C939395B18DE013A873C92F2409DA494DD011CDEEA626662AA1EEFAED11D431247ACBBBDE88EE8FB5E093DFFD5B7C6FFB6DF8DDF8FDF45A1E270AB6130A3BE851ECE279D9434CA8425783F1F613349206E8692E364D27A00AD4BDF8EDD883B8EDC9DBF037DF7A3F16DFBC1CAFDDF23ACC6A3A03D9861A4456327C6948313C4B23DC45987497F2BC7ACF1A0AE6C9E9C4E560E26072C27A2E30D13362F4C0A9184322F5655133B480125E4DB82C0FD153C8A27C7925CA975621BBB802954B6B31BFF96C9CBFF135F8D377BE1197DFB4100B3FB4144B3FBC12ABFEAE896AC68A9B1BB0E403AB70D58D4BF1BA757F8A5736BF0A672C3A0B3597D7A36A411D6A16CF42EDCAD9A86AAC436279C634638757C7106E89318C499889A3F51441D58104F3E374727230390E4C4C739E75E52582C4C4D133A469F864946BEA944D7276F164F7516B489CB632CFF2255052B459795702D5EB33A6C236D29642780D0B7C3BBD05F38C9C0CC2CDA5B47D15321DB3106BA844A2A10AA54DB350D634879A876CE35C6456D623BD62166A5ACE40E5EA59285D5685D4D232A419BEA45666CD0445F15549D46D98858A753C976B0813824CCF5D364DBB4C8B69950AA4D5E9E4E460E26072C29A02132D0BC0445DF6250B14853B613DF746C3F357F8FB6FA007786D1962EFAC4258D320F4F8236EB5CF1AAEB7C5292E5B92F426D25C3264915A19AAE811A19A5DBE338BB20D35A8DC528BEC864AC43AB8BF5A5EF4C80AB5C4C81B2244F45CE104CFA39E2DACCAE4607E9C4E4E0E262ECC39614D09734CC5EDD1618E7900980042A9735C825049AD8D9A81727AECA78186BC0535BB6A5F790C6A1DDA9A44ECBA3284D613E86A61D2685CC2DBA8532D4D044B37A5E700E9737D4FC790744C5DDC3C4F7AB4477C3D41C663C678FE0410551E47F8B9E0329366877FA1E5601280C9E936D06F3A6421920F13AB7877CC3CC3C68417F214E421B0B0AB6236D5CD82BE258CC8D52CE05BE8B5A84F87FAADC8C68283E032C51B9CBC0BCAF6A12E8245FB6AA8FF26FEFE66BEDFC8A58E61CF97C0A47D14DA58D8302D6AE68E77AB10E85C1E9D6EA7DF5F0E2684C9E93A05C174E878305121D65D2BBE3682E43A7A235D6A82E5670205C152624323C183D27B790F0A4592B4B73AC78559F8356E48752E560A97F499391F81F3920BBB74CE0412EBA5F0F330DF97685F7D2EB8F0FBF9E9753A71399838989C94F2616295BF5FBE4BECD5A5D03B28A0240B7A5029C244CA0465463A132CDC5F5E86ED03633C0D9D1F01C3C8A649A152405D76FDE8B43A9D981C4C5C9873529A2CAC5395BF5F3E4C3CA07830881318F91228A6CA8347AACD9B2E21B7D467DADFFF8EBEAB630A56FA0D9D27AF8E458AF3FC5925BD2581929F56A713938389AB803D6119DB14004950C18BEDE4E4157A0FE09EED050C7928A50C6524AD5BC8C4DBBD5EAA7A546A4907A1D1291120AAB83520497BEB8449A1BC39FDFE7230390E4C6CBC6D8022C975565CEE9A868D8C7D648F63C9EE1394DD6EF609D3A66AA1C95B3E17F1189A8725D3E2294D697E960415D3DC2B044A840AADD17994123CBEAFB5296FA9F3C8E3389DBC1C4C1C4C4E4A39405859883C9BAC0DB51414D42A93BF94CD9F4D3A175C6A1E160145B295B3DE1C2DFE73698C08147A321E500260314B770EA74B0E262ECC39294D0D45A686380515E87A3F45A65234B034F3A9D0D6B9659E742EB4D4B9C817D3919F4673AEA6482190BF9EB7BFD389C9C1C4C1E4A464216255102052101C56DCAE63A822D6B6EE78C79DDA3A136CA109CA9C0B9D1335014BF61CE97CF9E7C9C246C7B015BE5EA5AF3707AEADA8753A79399838989C94F26162EC4548E42F0B499F050BB895DDA69EAA7659480628419858A05898043C170313CAFE467EAB8FD3C9CBC1C4C164DA259BE52F0BC9EEEF792593B2DB3C6FC25B1E4BD6FB08CA782EFA0D7FE9ED3B79BCA06C1A9C4E5E0E260E264E4ED3220713071327A7699183C97160E29A869D9C9E9B1C4C1C4C9C9CA6450E262ECC71729A1639980460E206FA39399DB81C4C081337058193D3C9CBC1C4C1C4C9695AE460E2C21C27A769918389AB8075729A1639981C0726AE69D8C9E9B9C9C1C4C1C4C9695AE460E2C21C27A769918389838993D3B4C8C1C4C1C4C9695AE460E260E2E4342D7230713071729A163998389838394D8B1C4C8E0313D734ECE4F4DCE460E260E2E4342D723071618E93D3B4C8C124001337D0CFC9E9445582FF0FC9A0C5BBF6C9DCDD0000000049454E44AE426082, 3)
INSERT [dbo].[Countries] ([CountryId], [CountryName], [Latitude], [Longitude], [SurfaceArea], [Population], [FlagImage], [ContinentId]) VALUES (N'SPA', N'Spain', 40.26, -3.42, 505992, 46704314, 0x89504E470D0A1A0A0000000D494844520000007D000000530806000000B226086300000006624B474400FF00FF00FFA0BDA79300000A4E49444154789CED9C796C1CD51D80BF397766F6F6AE37711C63721F7542AEE620694A201C690AAD1A090555AAAA820415542A6A2A51A95211E2AFD256A8ADD45385AA220524904A2094A6D040D224E4760E726362273ED6B7BDC7CCCED53F0C495C680B54ACE3CC7CFFACB46F67DFFBE9DBDF9BDF7B6F77855DD1EB7C42028538D60308A93EA1F400124A0F20A1F400124A0F20A1F400124A0F20A1F400124A0F20A1F400124A0F20A1F400124A0F20A1F400124A0F20A1F400124A0F20A1F400124A0F207272A139D66308A93282BF93F08B9101239CDE0348283D8084D203C8B8903E581EEB115C5B8C0BE927BAA15819EB515C3B5CF5D28B1591ED5D4BD9D33163AC8772CD208FF500AEC4F7C1F3044A6E8A733D512A0E4882C9707F043FA5B0B7258720FAD4D74498605C044092C215E727E5AA905E74D29CEBD629573C2A9E4EBEAFC42D732E9032A07B10964F3983EA76B27406546CD87E42E5883C9574B4822840634D895CAC77ACC318378CF9F46E3A71B6356BD4EAED2C6BECE4BA94493ADA8BD52573FC1583437F8EA22597D27F56E5D07351F22715664CAC204B16CB1ADB9837B18D1DC72DF2C5FAB10E65DC30E6993E644511850E060FE8BCF396C6708F4FFBE2C9F46E2D23B92256CCC55C7002E16004F7508C16E0C26A87BAC1087F2DD550BBD062D2E22217FB62E4A2631DCDF860CCA52BB247DF8514C79ED6117D7081C8BC2E8666A844CFE808B32CBC1DED44B23E15C3C589B9C46A0B14F7826446387F26C2A0E9B0F2AED0F8C765CCA5A72379A63618B4DE65E1B7285486659CBC8C9C7129FB09A46113C713508B12C54969F44C3B43FB55D26B0A14F7C671E616494C73C8196D631DCAB8614C0E5C4A6530F4D1CF3DBF59C56A8B60AB191CAB8748CC43507C8AB28728FA7880E1497865013C01BF4BC68E2630A67671FB1A9BDC84B08AFFB854557A5FB7C8E97D2A6F77BBAC9E030B97DAA3DA4FB70BBCB15D61E26C9DE3A68A265ACCCE0874BF6D5233DDA56844D9D59FE2B69A61FACE0F93ABF158BBCC45912EBF47A10C9DBDB0EF1CDC321F72E96A45377EA8AAF4D75FD4D9D1E7E0CB3E4287CAC30F9649264677FFF25E8163A745FA4FC9C803127245A4415691541F5FF528690EDEF5368946878DCB7D3463F4F5CF3EA371222FE0C80EB5A2CA771E282249845C4155A5F794E1F54332711992198F450D1EBA0AFB5ED6B03B2E9717A50A144CB00A228E0DA5589CC60D77214A3E62C4271EF58928205FB1E06C1037138F1478B7170E9C94886902C9B4CB92061F55A95684E383AA1672AD7940761806CAFD50A9035D85CE66157BFF48F55D913C061614489E8C12294A288037432233EF5E9C4A055955B14D8BDD6F3E4DBC7E3A13B237909C90C1ECFB0BF14881B61EF0149721174A03E086CBF70F51D5CD9909098554F64E6235EB892516923446B75B4987CE2543B4476CF2B38A9472974F59CC6291B3CF6E63B0ED02CDCF6FE1CBDDAB514A650ADB4F8EEE23992095BD93687A3DE9F86CF44835221B5F5435D37545253BF747140A0594A1578043A3DA8BB536A5691609112A8243B7058D791500511489D5D7A1EFCAB350998AEF0A484C21BD3085200897DE231DCF52BC7EA40F63F06960F48722E42AD886BD92A2EE50F23C065C8F61D7A318F12EB5A9BA8E54A3E3C922C5DE41DEB1F34C5E341BD30ACF5C3F2955CD74DB81DEA3C728B69C421C38CA91B88656E3E33823ED89AE082F4D7C8415991FB2A7FF71BE36F8C4A8EBCDFE214A8B1B304AB5D4EECD3374B015656422A0A345A2AB4363A060319C7A9E8A92C29F58864C35231C1F544D7AF3169D8B676584F27791F332A2EAD35E17A1F4964169B2C907B7F7A6E41F70DD9147DF07D3F7290ED874EEDDC7949B97D17DF65D068E76A24474740B224BA70070E4374972B30BB8BD25107E87A6FB0C5D54D83E23CEE28D45E235DE7F1E5CC0901EFD168F7ED69DF83EFCF3C7692A32884BEEC55BB51E695E8AB9B30E109F6DD2D72623F62A1C5BDA4726D7CBCEBE27999F7D819E928B9D9FC4DFD2B7D0B9733FF196662A5A8A869A895C4CDBF86D03449AEA11040179E819A6CD1B20D294C55CF20425631AB6DB82DB5342D43C7253DCCF3ACC714355EEE98200D9B505ECB33293366C24357F216E5F890B67449A6EB5D0132359983EAFA31C3168B40EA21E37A8391C67EBCD37F2C6EC751C5E3D8B1DCD79A2491561D5548CEB6BE9C978978AB81BD6990809870B6FD9A4E7CC21FD85B5A87A16BB24306D85558D30C70D559BDE576F2C7372BE4409B04B25868F5EC0EDD2E12B16676D9958BD40C2D650F32A9FEF7915C58B72CE8DD230E922037D7B5896DAC689DA55E45FDA8CDBBA0F800870E1856600920B3CAC1695C2199FFE932751264F26BEB29EA577EF42D3AA15E5F8A06AD20501B4289C7AEA8F98DBFE8E6C1698FE8D919F5469733DD40325E2EB0A149F4D927AB08F819F65C8C55D7E7EF63E364CFB2DCF756DE2A6816D686233DAB9C3080278968098F429BD6ED053E7336BBECDE957A17FD323D88B16905CEE62CC0C0F62FE9DAA2DD9F66C8EB2FFFB51CC57B6E22F5A48F6B13B69BAE3C3BFA3AB5C516F25160D71DFF15FD3D3AA30FBDC6E6E32FF41320D92EAE3154584988F9475C01E99E2D3135D963FA6137DE8DBF85D79CC5F1C66CBA60C43BD57D5CA74CCA95AA60F764A24D7D9C4BEF914B6E7BDBF39F3DF492DB2683A7C90A94704E23ED42EB2882FAE601DD590EB1D44C343343C84ECE5224D1461C21DB7135DB592E2EE9F507E7117B61766FB95542D0566AC2D13C909440CE37FBFF80AE209109A5C329A80EC4A988734DE9D9EA23F6A5039AB62B72AB8031F7D8C969995C5986E91A90DA55F49D5327DEA7C9BC45493F39FF27A31EA23AA3E62D4235AB151650741F191321EA2F0D15245096E7FA0F8E9077D8D52D51D3949F0B0064FE1942D24BBEFD2F3BA2202A3374FAC0FA6E48A80224B08B28FEF825CE7903B53440084AC07AE0FB28F617C501FD897FAC01B420CCFD23F4455A59FEE28931FFE3A00C33E0C462119034D32B0288C7AADFBBE73DF11906A1A296CCF33E9AB5DF4FC348DB1CCA4D2292348A02F2B316CD4D034B30B8093AD6DF49B237D94002B0591F03C7D1455BBA7F79735CE9B7528F118B1A486104FB2B77D12005FBCB1877E27F591D715942CF139EB11EFFE127DBF4C937D6800A5DE41FF9C89B1BCCCC09FD24CBF474614E1E260820E3B472411259AD4F062490EB4D7552BC47143D5327D4FEB2CB69D5B038023C918A28BE398DC3AF357D4654D367C6F90AD6F667019A9C42B3E74B4D551FFF00FD04EBF46CD6D2BE9484EA0F5F7CF11D7FA700B1285442DF5F70BAC58730480D7DE5BC1EE9699B88288AA698815936864881B1B9FAA5698E382AA4917A9903206F17D81614B25A997B0CCCB0558C3A47EEEBF074EAD9A40F37B2B98F3F85A94DC62B6B49E675868C0682991BEAE96D54F6EC26DDD494C6866DDAC2368EAE55A2042999AF810155701D143D5FB89AB4EB5421C375CD5FF39633BD05D48E1A183EFA049436413E13EFAFFCB552D3DE4B321DC9F0C20A1F400124A0F20C2F155B9F09E1E30E4C143E1370C824638BD0790507A0009A50790507A0009A50790507A0009A50790507A0009A50790507A0009A50790507A0009A50790507A0009A50790507A0009A50790507A0009A507907F010090D2EC7E2F5EFE0000000049454E44AE426082, 4)
INSERT [dbo].[Countries] ([CountryId], [CountryName], [Latitude], [Longitude], [SurfaceArea], [Population], [FlagImage], [ContinentId]) VALUES (N'USA', N'USA', 38, -97, 9363520, 278357000, 0x89504E470D0A1A0A0000000D494844520000007D0000004208060000007AACD95D00000006624B474400FF00FF00FFA0BDA79300000D6849444154789CED9C795454579AC07FAF160A0A102836D917C505C1566322518C4B8C185112714BDAE3929898C58EA373BA63A73D3DC999EE39DD49CF39B17B7A39493A39D1C9CCC932DD26B6B18F90B82701455196881BABEC5040155401B5BCF983F0C2E315099AC513EAFDFEA957EFBB75BFFBEEF7EE77EFF7DD0B42E6BC1D226380671B3FBDDD4DF8C1A0197E232424F02B7FF04DE5DF970E9591918C1E14E4CFA449B1ECDCB99AE8E850743AADACA0AFAF0FD1D1A1ECD9B381989830FC03FC64724110888A0A65D3A6FB98979986C9344EA1CC641AC7BC79696CDCB494A8A850044190C9FD03FC888909E5177B36101D1D8AAFAF8F4CAED369898E0E65E7CED54C9A144B5090FF37EE006F4432BA56ABE1F91736332F338DD9774EC6E974C90A3A1C4ED6AE5BC8CC5913D9B96B0DAE617251149930218A152BEF66F7EE87301A0D0A6546A3819F3FF7102B576630614214A2289F595C4E173B77AD65D6AC89AC5DB71087C329933B9D2E66DF39857999693CFFC266B45A85A3521905BAC10BB3D9CA89E3173118F4545735290ABA5C6ECACBAAB1D9FAE8EAECA6B7B75F51E6DAB506F2F2CE212072E346AB427EE3462BA74E958238507638BDBDFD9C3D53C1D52B75545636E172B91565AAAB1AF9E0FD4FE8EF7762365B6FFA81554018BA90D36834B8DD6EE91360EEDC697CFA69F988F2BBE74EE3B3AF90C7C545005057D772CB757C5D1B008E7EF8ABEFA27FC624BAA15F063BD1ED76131C1CC0A6CD4BC9CECEE0ADB7F279EFDD13D2E81EECF455B9996CDC781FE7CE5DE18DD7FF497D7D9BAC9E8C8C541EDDBA0C1078E3F57F5250F0B94C474C4C185BB7DECF1DB327B17F7F3E07FE7E5A26F7F5F561EDBA056CD8B084C3870BD9BF2F8FCECE6E998E41F441CA35848A67469C143B3BBBB1DBFB00A8A96951B873B7DBCDB9A22BF8FBFBA2D76925830FE5CC990AC2C343888808E2CC990A85BCBEBE0D9D5E8BD1E8CBB9A22B0A43F6F6F6535BD38C462360B7F5490657F966E886DF301A0DD86C03C63E57748577DE3E26B9E8E1728D56C343EB7F4D72F2788F721F1F1DBFFCE51BD2F5E08B33B4CC3F0E7EC6EFF71E2028D8DF631D6D6D16D6AC7E818913633CCA556E1ED948F7F333B071D352E9FBF9F357B1586C9497574BF79E7872A5745D79BD81F6F62ECE9EBD2CDDCBCECE2036361C1818A965A55594955649068F8D0D273B3B432A7FF6EC65DADBBBA8BCFEE5C26EA88EF2F26A2C161BE7CF5F95EE6DDCB4143F3F6574A0323AA4919E9018C9CB2F6F2728C81F511479FDAF8765AB677F7F5F76FFFC613233D3489D9AC0EEDDAF61365B24B92008E4AE9ECF534FE7B0F5B1E5FCECA7AF505A5A2953969E9ECCEFFE731B7ABD1EB728F2F7BF9D92856D26D3385E7CF171264C88C61412C06F7FFB363D3DBD925CABD5F0D863D9AC5BB790ACACD9ECDAF5676AAA9B01F878E183DF7EEF8C5124A3D75437F3C927A544478771EA6489225CEAE9E9E5D4C9127C7C74949654CA0C0E0371FAB1A3C52CB8673A56AB5D617080D2D24A8A8AAE306E9C9163478B1571BAD96CE1F8F18BB4B75B3879B254667018081B4F9EBC48CAA4581A1BDA248303D8EAEA6FBD17BC0C59C8E6EBEB436F6FBFF409909696485959F588F269D31225F73F54DED7E7401445C2238201686DE94410040C06FDA8EB186D1B40CDBDDF0CDAF8F8392F0C7E19CCC2399D2E828303589933979D3B73B1586DD4D5B54A9DEC74BAD068342C59328B1DFF924B50903FCDCD1D747474CBEA993163225BB7DE4F46462AE6762B4D4D66998EE8E850D6AC59C09647B2B0586C5457374B5938A7D385AFAF0F4BB366F3D39FADC7ED1669A86FA3BBDB2ED331C8BCEEBAEFB09BC6165F19B2454599080830E274383D866CB5B52D44468630353591868676451D1515B5A4A525929E9E444545AD42DED0D04EEAB444222242A8A96DF118B2391C2E02038D444599D490ED5B4211B2E9F55A1C8E815174F1E2750E7EF02961614143E43A69340A82C0534FEE253171BCC7DF03EC7DF96F0AA543CBE4E715F1DAAB87D0683443E45FEAE8305BD9BAF5775FA903E09E0FF6DFC4637B37B2395DAFD7B176DD02FEF77F3E1EF1075BB664F1E69B474694AF58914161E1255A5BBB3CCAC3C3839833672A870E15DCB28E1F6FB897F7DE3D21DB903975FAF72396579123CDE9090991FCF14F3B983B771A7E7E062E5CB8265B5D1B8D069E7B6E032B73E672E75D93292CA89032763030EA57AF9ECFD3DB5771FFF2BB282BAFA6A5A553A62C2D3D89BD7BB7332F330DBBAD8F8A0AF93C6C328DE3A597B6B1E4BE5924264472F6EC65D988D66A353CFE78360FFFF85EB296CDA6A8E80A5D5D3D003CFAE8FDDF7AE78C55249F5A53D34C79790D2D2D9DE4E7172942369BAD8FD39F94D2D0D04661C1258F21DB912345B4B676525DD5445969954259596915D5D54DB4B5593872A4C863C856507889FAFA364E9F2E5364DD5C2E37F9F9033ACACBABA9A96946E5E691B9779329908E8E6E828303E8E818D8B64C488C94E261932910B3D92A7DC2808718ECFCC04023767B1F8181463A3BBB1145513AE8D0D5D583200804070760B5DAF0F33360B5DA147578D431A40D21218174767613121220DB5A55DDFBE811463A231714E44F6A6A024F3D95C31FFE708092924AFAFB1D925CA3D13063C604B66DCBE6BDFF3B49494925ADC3DC794A4A0CCB97678000873F2CE0EA557902253C2298E9E9C9AC59BB80D75E3DC4850BD7652B781F1F3DD3A727B363C72AFEF297837CFE798DE4CE87B377A6F1963BC1DB50ACDE07B1586C2CBE772631B161C4C587535474592677BBDD68B51A26A6C4929B3B9F13C72F2AEA686FB7B274E91D88C07FEFCF57C83BCC567257CF27252506AD56A308D9FAFB1DC4C54710131BC6E2C5332928B834E283341CFEE8EB9E55E50B14461704015114114591E2E26B1CFDB858762C49A31170BB079C436FAF835FFDFB7EC2C283A564C950B9CDD6CB5B6F7D245D0FAFC3E97471F46831EFBE739CDE5E87471DAD2D1DECD9F3062653A0B406186CA3CAADA13839B3624506070F8E9CD27C705526EF1F383DA27CD1A2199C3F7F7544371C14E4CFAC59291C3B76E19675E4E4CCE5D0A102996750D3B0A34716B2BDF8D236162F9E89AFC18792924AD968F2F333B0EB5F57B37EFD62A6A526505C7C15BB5D9EA5CBCD9DCFD3DB73B877C91D5CB952A70CD9D212F9CD6F1E67E1A21FD1D7E7E0D2257996CE640AE4DF9EDFC4030FCC65FC7813C5C5D764E956AD56C3238F2C63E3A6A5DC73CF744A4B2AA5974B4DC38E9E2F77D96A9AA9AF6F233A3A94BC3C65C866B7F771A6F032F3E64DA7FCF36A8F87120F1F2E64CB235958AD76698364286565D558BB6D048E3372F870A1426E365B292FAB26353581C233F23C000C846C797945ACCACDA4BEBE4D16B24DFF8F5FDCF4C37B2B32F71E1F1F4163A399B0B0201A1B0772E9E1E14152762D2E2E821B375A898B0BA7B6B64521379902E9EB77620A09E4C68D564451948E42DB6C7D0882406C6C38E60E2B061F9DF4E20CAD233E3E82BABA566263C3A5C39443E55151A1B4B57511156592DA006AC87633C876D9BABA7A70BBDD7477DB090E0E2029693CCF3EFB30D7AF3760B7F7D1DE6E91CAE9F53A525262D8B16315EDED569C2E17ED6D161CFD4E2C9601979B94349E152BEE262D2D91AEAE1E3A3ABAB1587A70F43BB1DBFB098F0866EA94789E783287DA9A662C169B941FB0587A301A0D242747B37BF7C3545535E174BA686BEBC2ED762BD60C6A466EF48CB8CBD6D3D3CB962DCB983C258ECCCC74C5FCED7038494A1ACF8C9929FCE499551ECFAC0982C0BAF58B58FFD062C55FB3C0C0E87FE69907993973224949E3157FDC60B7F793393F9DC953E2D8BC254B71A842E5D618314E77389C9C395B4171F1355A5A3A3C86488D4D66F6EFCB43ABD3D0F3C53EF750EAEBDBC83B7256BA1E4E4FB79D13274B703ADD34369915725114A9AA6CE4AFAF7D88C3E952BC142AB7866C4E170481050B7FC4F12FC2A9C17879685CBC68D10C29DCF2249F33672AA5A595D21C3E3CB6361A0DA4A72753587849767F686C3E548727F9C245333871FCA2EC457C3527E5BBEBA5318634D2E3E323D8FE9307494D4D202A2A9477DF3926ADE04551C4CFCFC0E6CD59AC59730F73E64CE595570E49F3EF60E7AF5879375BB664D1DCDCC19FFFF481EC14AD288A4C9B96C8D3DB1F2032328437DF3CC2A17F7C26FDD6ED16090909E48927B25972DF6C264F8E67DFBE23D20ADEED16D16A35AC5BBF880D1B16B37CF95DFCF1BFDE971673D75ED9F7DDF7D618419AD36B6B5BE8EB75E0E3A3E7F429E5C148BBBD8F8A8A5A1C4E178D8DED92C187F251FE3902027C31F8E865061FA4BCBC1A834187BFBF2F1FE59F53C83B3AAC34349A71389C5454D4780CD94E9F2A41AFD7D3DBEB90ADDE55468FCCBDA7A727535BDB4C704880ECA4E92053A6C45355D5444A4AB4C7383C2222188D46437878306565558A75802008A4A525D1DADA89DBED56246F60208173ED5A038989E33D1EB14A488CA4B3A39BF8F848D9895B3523377A46DC65FBA1A11A7DF4E8964D34DDEE367C2B4CCCD97CBB9BF0834110D5ED2AAF43FD570E5E886A742F4435BA17A2AB79FBC0ED6E83CAF78C703079B6BA90F33254F7EE85A846F74254A37B21BAE8E54B6E771B54BE67D48C9C17A2BA772F4435BA17A21ADD0BD175958DFC47812A63133523E785A8EEDD0B518DEE85A846F74274C6B898AF2FA532A65033725E88EADEBD10D5E85E886A742F44E7E8B27C7D299531859A91F34254F7EE85A846F74254A37B21AAD1BD90FF07AE6F95BB479174F50000000049454E44AE426082, 2)
INSERT [dbo].[Countries] ([CountryId], [CountryName], [Latitude], [Longitude], [SurfaceArea], [Population], [FlagImage], [ContinentId]) VALUES (N'VEN', N'Venezuela', 10.36, -66.58, 916445, 28946101, 0x89504E470D0A1A0A0000000D494844520000007D0000005308020000003D449F3400000006624B474400FF00FF00FFA0BDA7930000054849444154789CED996B4C536718C7DF73A195525A0BE5268816898CC836064645441D3A18649B90C5263A751A0ACBB288640A1A9D33184CD0CD0966192E4A0AC12F5237B67D80B8284E5D2C3A71FDE0B28B1BC865B079E12208B49CCB3E401AD60173617D9F923EBF4FA7EF69CFFF39BF9C3E7DCE2923DF22087D58E802BC14F40E037A8701BDC380DE6140EF30A07718D03B0CE81D06F40E037A8701BDC380DE6140EF30A07718D03B0CE81D06F40E037A8701BDC380DE6140EF30A07718D03B0CE81D06F40E037FFE462C740DDE0843A20F42D7E08D609F81613679DFB2E1B969F73E4FAD9299339BBC17E5A6E4181326DD65322616E6AEA25CCF4C981DFDDDCF57911837AFE1CC161F05F7A877F8D7F69E75DBAA1C0E41A9E02F98B745470604EBD58E512133A7A6F94EF793610774BDFF8EC75DEFD10B025C56B4FE4AF3B1EC4B35DB552A850FCFC984ACDB6A7638044288DD21A46DAF6639D68767FD7C15976A76988F6669D44AD76346BA1E131C8FF35E7620F383BDE9E121FE564B9E21424708E91FB01B779E8B7AF10421449665AD5AC9308CF3FD0CC368FD95B24C08210B561F37E6D73E1EB413420C113AAB25373C44F3E1BEF413EF65C09CCCD4789CF7FAAB77F79892DBAFEEE139A6B5B3D7B9BE243AB8EDF73E4DFC9133B5CDA6095D3ED79878FADC2D4D7C495B57DFB33121CEF5D6CE5E1F9E6BBFBA7B774E72FD3777A99EC353C04317F0370E17A4169A561142589611448965194992C7760DDB85840D1583438E5D25F5133FF2F1D91B631B891B4EC52D0E76AEB32C238822CB3284908FF6BF1C16AC7EBFAC91D2693C051E74BD8787680821D5753649924705316A7EC017159B396EBCC22B375B7BFA87A7F9F8A3BEA12B37EF8D6D731CFB65C5664344C0A8204992545D672384090FD5B8F90CFE031E31CFB02C2B4992F3E54F5FE7977E7AADEAB3EF677EE41DAFBF509497129B7E72AA2C28C0AE779E1F8FD6EB54E6D2AC89BBCED436577F6EFB5F52AAEB6C9596E6892B5547B3F53A954B0DF401BBDE75DA39B7EADE6EB4B6AC5FB9E8C7DFEE679ACED2C96DA8DCFA4C94FEE2F5D6D424C3D2AC53BD8FA7EB5DEE8323016B408247ECC2A8201E7C67ED5CCD1CB54A61B5757674F7BB3B746542E4AE3757448469139684ED3F7EF1DBE63677274E05E4EF6A7464E0D846B0DECF5C9ABD3163895BE38C9971E6D2ECA040F578FA3F6ED06802E67D5D52D49AE50BCBAA9A04512A286988492BB734FCE0D6C4DAFA3B3169E5EF1E691044A9BCBA69ED72436A92C1AD89D30036BF5FB2B62CCD3A45081145697088DE1395C1214799D95A78F402B5C449819F235996090D5277FD3940276E5EB0A6FBC1802CCB74E2A602A0CFE875AA8D1971CE97922453934E08E9BAFF78A27463669C73ACA40980F77D6FA598364EFE189D3E266342515E0AFD5C7AFD5DA9E04F1F794DA7F55D9FBC8863984F8A5F1915A4E29397A7BFFB771381737D0FE5A7F21CBB76992165E9C2D845FA9EFEE1BC035FD91D029D02E8CDEFA22835D93AF6E6A50405F8711C1B355F77A8FCF2CF2D0FE9A4BB303C22D81D62F1AE54B54AC1F32CCFB39B0A2CFD0323D40AA0DA67BA1F0C5A6D9D63DB9596DBD7BEBB4733DD85466B4B65EDF82384EBB73BFE783848339DEA1CC9304C7C6CE8EA4D95F3C3B43BB7ADA0193D29AB972D7C63F7F98EAEFE8AC3AF320C4373C8A13A472A15FC1C253FF6755E6CD0FFD20AD3649C386BD0FA2B47EC22B5E64E3C617EF74E3CE87F0FAF823FF6E426740DDE08FFD26827740DDE08F61918D03B0CE81D06F40E037A8701BDC380DE6140EF30A07718D03B0CE81D06F40E037A8701BDC380DE6140EF30A07718D03B0CE81D06F40E037A8701BDC380DE6140EF30A07718D03B0C7F01EDA08F2DC4707E0B0000000049454E44AE426082, 1)
INSERT [dbo].[Country_Languages] ([CountryId], [LanguageId]) VALUES (N'ARG', 3)
INSERT [dbo].[Country_Languages] ([CountryId], [LanguageId]) VALUES (N'AZE', 11)
INSERT [dbo].[Country_Languages] ([CountryId], [LanguageId]) VALUES (N'BRA', 4)
INSERT [dbo].[Country_Languages] ([CountryId], [LanguageId]) VALUES (N'CAN', 1)
INSERT [dbo].[Country_Languages] ([CountryId], [LanguageId]) VALUES (N'CAN', 6)
INSERT [dbo].[Country_Languages] ([CountryId], [LanguageId]) VALUES (N'CHN', 2)
INSERT [dbo].[Country_Languages] ([CountryId], [LanguageId]) VALUES (N'FRA', 6)
INSERT [dbo].[Country_Languages] ([CountryId], [LanguageId]) VALUES (N'IND', 1)
INSERT [dbo].[Country_Languages] ([CountryId], [LanguageId]) VALUES (N'IND', 7)
INSERT [dbo].[Country_Languages] ([CountryId], [LanguageId]) VALUES (N'PAK', 1)
INSERT [dbo].[Country_Languages] ([CountryId], [LanguageId]) VALUES (N'PAK', 5)
INSERT [dbo].[Country_Languages] ([CountryId], [LanguageId]) VALUES (N'SPA', 3)
INSERT [dbo].[Country_Languages] ([CountryId], [LanguageId]) VALUES (N'USA', 1)
INSERT [dbo].[Country_Languages] ([CountryId], [LanguageId]) VALUES (N'VEN', 3)
SET IDENTITY_INSERT [dbo].[Languages] ON 

INSERT [dbo].[Languages] ([LanguageId], [LanguageName]) VALUES (1, N'English')
INSERT [dbo].[Languages] ([LanguageId], [LanguageName]) VALUES (2, N'Chinese')
INSERT [dbo].[Languages] ([LanguageId], [LanguageName]) VALUES (3, N'Spanish')
INSERT [dbo].[Languages] ([LanguageId], [LanguageName]) VALUES (4, N'Portuguese')
INSERT [dbo].[Languages] ([LanguageId], [LanguageName]) VALUES (5, N'Urdu')
INSERT [dbo].[Languages] ([LanguageId], [LanguageName]) VALUES (6, N'French')
INSERT [dbo].[Languages] ([LanguageId], [LanguageName]) VALUES (7, N'Hindi')
INSERT [dbo].[Languages] ([LanguageId], [LanguageName]) VALUES (11, N'Azerbaijani')
SET IDENTITY_INSERT [dbo].[Languages] OFF
ALTER TABLE [dbo].[Cities]  WITH CHECK ADD  CONSTRAINT [FK_Cities_Countries] FOREIGN KEY([CountryId])
REFERENCES [dbo].[Countries] ([CountryId])
ON UPDATE CASCADE
ON DELETE CASCADE
GO
ALTER TABLE [dbo].[Cities] CHECK CONSTRAINT [FK_Cities_Countries]
GO
ALTER TABLE [dbo].[Countries]  WITH CHECK ADD  CONSTRAINT [FK_Countries_Continents] FOREIGN KEY([ContinentId])
REFERENCES [dbo].[Continents] ([ContinentId])
ON UPDATE CASCADE
ON DELETE CASCADE
GO
ALTER TABLE [dbo].[Countries] CHECK CONSTRAINT [FK_Countries_Continents]
GO
ALTER TABLE [dbo].[Country_Languages]  WITH CHECK ADD  CONSTRAINT [FK_Country_Languages_Countries] FOREIGN KEY([CountryId])
REFERENCES [dbo].[Countries] ([CountryId])
ON UPDATE CASCADE
ON DELETE CASCADE
GO
ALTER TABLE [dbo].[Country_Languages] CHECK CONSTRAINT [FK_Country_Languages_Countries]
GO
ALTER TABLE [dbo].[Country_Languages]  WITH CHECK ADD  CONSTRAINT [FK_Country_Languages_Languages] FOREIGN KEY([LanguageId])
REFERENCES [dbo].[Languages] ([LanguageId])
GO
ALTER TABLE [dbo].[Country_Languages] CHECK CONSTRAINT [FK_Country_Languages_Languages]
GO
USE [master]
GO
ALTER DATABASE [World] SET  READ_WRITE 
GO
Status API Training Shop Blog About Pricing
© 2016 GitHub, Inc. Terms Privacy Security Contact Help